Element;X;Y;Z;XY;YZ;XZ
163;1.4353;-1.4282;-0.0060;0.2684;-0.0732;0.0965
164;1.4729;-1.4866;0.0078;0.2020;-0.0809;0.0996
165;1.4616;-1.4730;0.0104;0.0855;-0.0797;0.0739
166;1.4097;-1.4182;0.0065;0.0131;-0.0954;0.0676
167;1.3773;-1.3751;-0.0038;-0.0017;-0.1012;0.0561
168;1.3414;-1.3367;-0.0019;0.0241;-0.1054;0.0501
169;1.3054;-1.3143;0.0071;0.0634;-0.1155;0.0472
170;1.2856;-1.2883;0.0050;0.1221;-0.1153;0.0663
171;1.2644;-1.2645;0.0003;0.1784;-0.1208;0.0965
172;1.2452;-1.2369;-0.0075;0.2138;-0.1281;0.1218
173;1.2238;-1.2157;-0.0091;0.2445;-0.1269;0.1552
174;1.1998;-1.1974;-0.0042;0.2645;-0.1193;0.1622
175;1.1805;-1.1779;-0.0039;0.2745;-0.1121;0.1584
176;1.1668;-1.1631;-0.0046;0.2851;-0.1121;0.1710
177;1.1577;-1.1555;-0.0035;0.2903;-0.1121;0.1700
178;1.1597;-1.1612;-0.0003;0.3025;-0.1084;0.1570
179;1.1822;-1.1832;-0.0007;0.3179;-0.1014;0.1475
180;1.2210;-1.2164;-0.0070;0.2992;-0.0835;0.1039
181;1.2740;-1.2519;-0.0242;0.2482;-0.0702;0.0649
182;1.3507;-1.3184;-0.0360;0.1959;-0.0569;0.0580
183;1.4769;-1.4208;-0.0578;0.0882;0.0023;0.0455
186;1.4457;-1.4316;-0.0100;0.2449;-0.0304;0.0262
187;1.4767;-1.4757;-0.0069;0.1812;-0.0435;0.0438
188;1.4537;-1.4629;0.0069;0.0811;-0.0435;0.0449
189;1.4090;-1.4225;0.0128;0.0185;-0.0427;0.0206
190;1.3801;-1.3925;0.0124;0.0101;-0.0443;0.0317
191;1.3477;-1.3525;0.0052;0.0468;-0.0442;0.0580
192;1.3126;-1.3070;-0.0058;0.0885;-0.0422;0.0759
193;1.2845;-1.2771;-0.0064;0.1434;-0.0455;0.0603
194;1.2653;-1.2652;-0.0001;0.2094;-0.0468;0.0370
195;1.2474;-1.2458;-0.0012;0.2616;-0.0466;0.0249
196;1.2266;-1.2230;-0.0048;0.2924;-0.0483;0.0214
197;1.2090;-1.2067;-0.0034;0.3069;-0.0489;0.0342
198;1.1860;-1.1832;-0.0039;0.3218;-0.0448;0.0483
199;1.1694;-1.1668;-0.0034;0.3312;-0.0394;0.0446
200;1.1545;-1.1517;-0.0043;0.3425;-0.0367;0.0462
201;1.1573;-1.1438;-0.0148;0.3507;-0.0328;0.0447
202;1.1784;-1.1548;-0.0255;0.3488;-0.0266;0.0275
203;1.2154;-1.1853;-0.0325;0.3121;-0.0279;0.0144
204;1.2835;-1.2485;-0.0363;0.2365;-0.0248;0.0088
205;1.3561;-1.3107;-0.0463;0.1549;-0.0094;-0.0326
206;1.4838;-1.4231;-0.0632;0.0708;0.0111;-0.0833
209;1.4450;-1.4441;0.0022;0.2504;0.0227;-0.0209
210;1.4772;-1.4767;-0.0066;0.1698;0.0204;-0.0414
211;1.4496;-1.4540;0.0030;0.0699;0.0240;-0.0259
212;1.4049;-1.4148;0.0080;0.0122;0.0286;-0.0071
213;1.3753;-1.3881;0.0126;0.0083;0.0263;-0.0292
214;1.3478;-1.3583;0.0099;0.0501;0.0271;-0.0596
215;1.3133;-1.3113;-0.0016;0.0958;0.0360;-0.0637
216;1.2826;-1.2729;-0.0089;0.1482;0.0443;-0.0561
217;1.2641;-1.2548;-0.0094;0.2084;0.0473;-0.0468
218;1.2493;-1.2417;-0.0077;0.2594;0.0434;-0.0390
219;1.2301;-1.2217;-0.0092;0.2927;0.0390;-0.0430
220;1.2115;-1.2021;-0.0102;0.3087;0.0365;-0.0604
221;1.1893;-1.1814;-0.0091;0.3186;0.0329;-0.0769
222;1.1718;-1.1611;-0.0116;0.3234;0.0281;-0.0841
223;1.1570;-1.1448;-0.0140;0.3309;0.0271;-0.0926
224;1.1575;-1.1448;-0.0149;0.3431;0.0269;-0.0919
225;1.1735;-1.1525;-0.0227;0.3457;0.0305;-0.0714
226;1.2085;-1.1774;-0.0334;0.3171;0.0338;-0.0693
227;1.2839;-1.2448;-0.0408;0.2499;0.0242;-0.0683
228;1.3588;-1.3141;-0.0467;0.1667;0.0154;-0.0134
229;1.4808;-1.4195;-0.0609;0.0865;0.0116;0.0562
232;1.4257;-1.4319;0.0080;0.2699;0.0804;-0.1065
233;1.4695;-1.4962;0.0216;0.2014;0.0696;-0.1421
234;1.4543;-1.4792;0.0224;0.0814;0.0667;-0.0991
235;1.4058;-1.4243;0.0163;0.0078;0.0826;-0.0652
236;1.3667;-1.3704;0.0023;-0.0111;0.0894;-0.0403
237;1.3367;-1.3316;-0.0042;0.0245;0.0968;-0.0449
238;1.3022;-1.3018;0.0013;0.0688;0.1075;-0.0671
239;1.2758;-1.2725;-0.0016;0.1239;0.1165;-0.1058
240;1.2585;-1.2514;-0.0074;0.1770;0.1205;-0.1384
241;1.2432;-1.2333;-0.0093;0.2154;0.1225;-0.1509
242;1.2242;-1.2124;-0.0117;0.2464;0.1250;-0.1698
243;1.2053;-1.1930;-0.0137;0.2641;0.1154;-0.1750
244;1.1858;-1.1749;-0.0111;0.2715;0.1045;-0.1727
245;1.1670;-1.1614;-0.0073;0.2789;0.0962;-0.1732
246;1.1591;-1.1543;-0.0067;0.2845;0.0958;-0.1587
247;1.1589;-1.1587;-0.0012;0.3072;0.1026;-0.1427
248;1.1766;-1.1810;0.0026;0.3265;0.0985;-0.1246
249;1.2157;-1.2031;-0.0145;0.3208;0.0862;-0.0750
250;1.2788;-1.2480;-0.0336;0.2842;0.0696;-0.0420
251;1.3580;-1.3238;-0.0366;0.2247;0.0482;-0.0309
252;1.4728;-1.4284;-0.0477;0.1169;0.0129;-0.0091
301;1.3572;-1.3724;0.0081;0.0746;-0.0494;0.0419
302;1.3288;-1.3319;0.0020;0.0773;-0.0705;0.0678
303;1.3484;-1.3578;0.0063;0.1033;-0.0826;0.1178
304;1.3784;-1.3907;0.0089;0.0831;-0.0767;0.1281
305;1.3832;-1.3934;0.0058;0.0487;-0.0786;0.1141
306;1.3957;-1.4022;0.0018;0.0427;-0.0803;0.1219
307;1.3998;-1.4075;0.0045;0.0324;-0.0764;0.1379
308;1.3760;-1.3848;0.0035;0.0254;-0.0769;0.1577
309;1.3466;-1.3420;-0.0076;0.0282;-0.0721;0.1921
310;1.3180;-1.3124;-0.0076;0.0387;-0.0708;0.2176
311;1.2887;-1.2872;-0.0033;0.0592;-0.0788;0.2492
312;1.2642;-1.2584;-0.0063;0.0852;-0.0819;0.2594
313;1.2413;-1.2343;-0.0083;0.1119;-0.0882;0.2536
314;1.2201;-1.2161;-0.0060;0.1330;-0.0972;0.2509
315;1.2070;-1.2078;-0.0027;0.1504;-0.0974;0.2283
316;1.1970;-1.2009;0.0004;0.1459;-0.0968;0.1934
317;1.2085;-1.2151;0.0037;0.1176;-0.0968;0.1592
318;1.2272;-1.2312;0.0014;0.1041;-0.0841;0.0956
319;1.2516;-1.2479;-0.0071;0.0791;-0.0612;0.0412
320;1.3076;-1.2855;-0.0267;0.0243;-0.0186;0.0220
321;1.3823;-1.3015;-0.0872;-0.0476;0.0307;-0.0044
324;1.3676;-1.4066;0.0264;0.0827;0.0019;0.0171
325;1.3423;-1.3708;0.0304;0.1022;-0.0196;0.0144
326;1.3531;-1.3841;0.0272;0.1239;-0.0309;0.0204
327;1.3681;-1.4044;0.0321;0.0998;-0.0338;0.0223
328;1.3777;-1.4134;0.0316;0.0621;-0.0293;0.0321
329;1.3900;-1.4208;0.0274;0.0423;-0.0258;0.0476
330;1.3910;-1.4167;0.0226;0.0375;-0.0243;0.0482
331;1.3743;-1.3977;0.0201;0.0504;-0.0247;0.0328
332;1.3495;-1.3780;0.0266;0.0568;-0.0275;0.0392
333;1.3245;-1.3482;0.0211;0.0745;-0.0251;0.0435
334;1.2922;-1.3044;0.0116;0.1016;-0.0231;0.0514
335;1.2581;-1.2710;0.0113;0.1266;-0.0266;0.0523
336;1.2358;-1.2433;0.0059;0.1480;-0.0298;0.0583
337;1.2147;-1.2155;-0.0021;0.1636;-0.0329;0.0556
338;1.2077;-1.2002;-0.0098;0.1648;-0.0359;0.0547
339;1.2033;-1.1848;-0.0219;0.1513;-0.0322;0.0513
340;1.2069;-1.1773;-0.0326;0.1325;-0.0289;0.0253
341;1.2297;-1.1886;-0.0449;0.1132;-0.0236;0.0125
342;1.2528;-1.1946;-0.0603;0.0904;-0.0081;-0.0053
343;1.3160;-1.2409;-0.0811;0.0482;0.0106;-0.0660
344;1.4018;-1.3063;-0.1019;-0.0457;0.0203;-0.0687
347;1.3676;-1.4016;0.0235;0.0878;0.0315;0.0129
348;1.3462;-1.3688;0.0242;0.1162;0.0428;-0.0095
349;1.3579;-1.3924;0.0293;0.1324;0.0369;-0.0125
350;1.3688;-1.4078;0.0354;0.1085;0.0351;-0.0117
351;1.3800;-1.4202;0.0360;0.0704;0.0338;-0.0146
352;1.3896;-1.4224;0.0299;0.0435;0.0320;-0.0299
353;1.3870;-1.4163;0.0264;0.0343;0.0321;-0.0287
354;1.3700;-1.3963;0.0239;0.0505;0.0363;-0.0205
355;1.3442;-1.3652;0.0188;0.0621;0.0332;-0.0284
356;1.3210;-1.3382;0.0148;0.0800;0.0294;-0.0526
357;1.2925;-1.3009;0.0073;0.1032;0.0326;-0.0678
358;1.2591;-1.2630;0.0016;0.1232;0.0352;-0.0771
359;1.2360;-1.2355;-0.0013;0.1459;0.0371;-0.0928
360;1.2154;-1.2104;-0.0076;0.1640;0.0362;-0.0998
361;1.2110;-1.1983;-0.0143;0.1710;0.0385;-0.1050
362;1.2074;-1.1912;-0.0197;0.1663;0.0351;-0.0939
363;1.2092;-1.1787;-0.0337;0.1460;0.0301;-0.0584
364;1.2330;-1.1861;-0.0496;0.1241;0.0290;-0.0367
365;1.2559;-1.1954;-0.0637;0.0893;0.0270;-0.0123
366;1.3141;-1.2404;-0.0788;0.0478;0.0161;0.0488
367;1.4058;-1.3240;-0.0899;-0.0472;0.0046;0.0526
370;1.3586;-1.3824;0.0148;0.0734;0.0692;-0.1009
371;1.3415;-1.3592;0.0167;0.0941;0.0748;-0.0908
372;1.3550;-1.3777;0.0188;0.1187;0.0844;-0.0994
373;1.3769;-1.3950;0.0150;0.1041;0.0886;-0.1082
374;1.3877;-1.4006;0.0088;0.0704;0.0877;-0.1058
375;1.3960;-1.4086;0.0079;0.0549;0.0812;-0.1156
376;1.3913;-1.3996;0.0046;0.0469;0.0778;-0.1360
377;1.3661;-1.3667;-0.0035;0.0458;0.0820;-0.1775
378;1.3355;-1.3281;-0.0108;0.0497;0.0771;-0.2030
379;1.3099;-1.2998;-0.0127;0.0573;0.0716;-0.2220
380;1.2871;-1.2799;-0.0093;0.0712;0.0790;-0.2416
381;1.2615;-1.2519;-0.0102;0.0948;0.0901;-0.2474
382;1.2380;-1.2307;-0.0101;0.1255;0.0962;-0.2314
383;1.2201;-1.2156;-0.0060;0.1514;0.1001;-0.2151
384;1.2109;-1.2124;-0.0017;0.1676;0.0949;-0.1920
385;1.2023;-1.2089;0.0027;0.1678;0.0884;-0.1653
386;1.2104;-1.2196;0.0064;0.1381;0.0936;-0.1353
387;1.2304;-1.2349;0.0012;0.1210;0.0953;-0.0684
388;1.2542;-1.2507;-0.0069;0.0819;0.0776;-0.0020
389;1.3062;-1.2886;-0.0228;0.0301;0.0468;0.0189
390;1.3915;-1.3182;-0.0782;-0.0444;0.0062;0.0416
439;1.2716;-1.2882;0.0113;0.0116;-0.0139;0.0250
440;1.3111;-1.3257;0.0055;-0.0636;-0.0368;0.0751
441;1.3577;-1.3732;0.0103;-0.0689;-0.0486;0.1386
442;1.3806;-1.3964;0.0117;-0.0445;-0.0532;0.1759
443;1.3957;-1.4066;0.0068;-0.0139;-0.0512;0.1987
444;1.3909;-1.3962;0.0021;-0.0070;-0.0509;0.1979
445;1.3728;-1.3685;-0.0082;-0.0162;-0.0536;0.2353
446;1.3467;-1.3383;-0.0123;-0.0395;-0.0604;0.2541
447;1.3296;-1.3215;-0.0131;-0.0625;-0.0549;0.2639
448;1.3147;-1.3101;-0.0103;-0.0744;-0.0526;0.2844
449;1.3004;-1.3013;-0.0055;-0.0827;-0.0564;0.2956
450;1.2875;-1.2902;-0.0042;-0.0857;-0.0590;0.3068
451;1.2774;-1.2783;-0.0053;-0.0806;-0.0623;0.3091
452;1.2686;-1.2680;-0.0064;-0.0654;-0.0703;0.2986
453;1.2590;-1.2582;-0.0050;-0.0608;-0.0776;0.2826
454;1.2683;-1.2692;-0.0034;-0.0401;-0.0758;0.2662
455;1.2794;-1.2887;0.0040;-0.0082;-0.0743;0.2599
456;1.2869;-1.3044;0.0107;0.0324;-0.0648;0.2198
457;1.3018;-1.3082;-0.0022;0.0561;-0.0288;0.1552
458;1.2965;-1.2773;-0.0266;0.0877;0.0036;0.1106
459;1.2591;-1.1561;-0.1091;0.0533;0.0506;-0.0111
462;1.2779;-1.3170;0.0351;0.0020;0.0168;0.0196
463;1.3147;-1.3695;0.0434;-0.0656;0.0009;0.0042
464;1.3628;-1.4010;0.0339;-0.0550;-0.0042;0.0028
465;1.3903;-1.4262;0.0307;-0.0237;-0.0071;0.0088
466;1.3990;-1.4369;0.0337;0.0149;-0.0102;0.0229
467;1.3921;-1.4277;0.0308;0.0384;-0.0136;0.0513
468;1.3801;-1.4113;0.0262;0.0304;-0.0204;0.0578
469;1.3554;-1.3856;0.0258;0.0105;-0.0274;0.0638
470;1.3343;-1.3601;0.0198;-0.0164;-0.0223;0.0909
471;1.3180;-1.3374;0.0143;-0.0351;-0.0166;0.0969
472;1.3053;-1.3230;0.0103;-0.0511;-0.0203;0.1010
473;1.2934;-1.3044;0.0051;-0.0533;-0.0169;0.0931
474;1.2825;-1.2892;0.0015;-0.0460;-0.0119;0.0920
475;1.2724;-1.2727;-0.0039;-0.0198;-0.0153;0.0954
476;1.2621;-1.2568;-0.0099;-0.0068;-0.0176;0.0912
477;1.2690;-1.2560;-0.0172;0.0295;-0.0158;0.0785
478;1.2886;-1.2582;-0.0348;0.0634;-0.0146;0.0526
479;1.2994;-1.2426;-0.0608;0.0967;-0.0108;0.0230
480;1.3201;-1.2416;-0.0871;0.1022;0.0024;-0.0039
481;1.3192;-1.1909;-0.1334;0.0913;0.0268;-0.0809
482;1.2891;-1.1208;-0.1721;0.0254;0.0363;-0.0613
485;1.2776;-1.3087;0.0260;-0.0140;0.0028;-0.0142
486;1.3103;-1.3547;0.0332;-0.0807;0.0226;0.0077
487;1.3593;-1.3945;0.0309;-0.0658;0.0252;-0.0001
488;1.3918;-1.4323;0.0349;-0.0337;0.0221;0.0008
489;1.3996;-1.4371;0.0341;0.0059;0.0217;-0.0091
490;1.3891;-1.4228;0.0286;0.0338;0.0224;-0.0323
491;1.3773;-1.4155;0.0319;0.0307;0.0159;-0.0401
492;1.3544;-1.3901;0.0300;0.0118;0.0081;-0.0476
493;1.3332;-1.3598;0.0196;-0.0150;0.0026;-0.0655
494;1.3139;-1.3309;0.0123;-0.0307;0.0061;-0.0895
495;1.3006;-1.3101;0.0031;-0.0459;0.0147;-0.0988
496;1.2934;-1.2939;-0.0042;-0.0482;0.0159;-0.1151
497;1.2824;-1.2876;-0.0016;-0.0402;0.0167;-0.1204
498;1.2741;-1.2780;-0.0008;-0.0130;0.0231;-0.1138
499;1.2632;-1.2619;-0.0066;0.0001;0.0263;-0.1056
500;1.2691;-1.2545;-0.0189;0.0308;0.0237;-0.0931
501;1.2912;-1.2588;-0.0366;0.0608;0.0184;-0.0692
502;1.3014;-1.2472;-0.0590;0.0936;0.0126;-0.0389
503;1.3208;-1.2320;-0.0960;0.1038;0.0054;-0.0164
504;1.3188;-1.1869;-0.1376;0.0902;-0.0130;0.0554
505;1.2903;-1.1258;-0.1669;0.0241;-0.0313;0.0420
508;1.2674;-1.2807;0.0073;-0.0000;0.0389;-0.0526
509;1.3105;-1.3221;0.0027;-0.0877;0.0618;-0.0929
510;1.3561;-1.3712;0.0101;-0.0973;0.0599;-0.1280
511;1.3821;-1.3967;0.0099;-0.0727;0.0570;-0.1629
512;1.3952;-1.4047;0.0062;-0.0423;0.0554;-0.1912
513;1.3874;-1.3961;0.0046;-0.0265;0.0595;-0.1846
514;1.3711;-1.3712;-0.0041;-0.0307;0.0539;-0.2171
515;1.3471;-1.3412;-0.0093;-0.0487;0.0476;-0.2445
516;1.3298;-1.3243;-0.0102;-0.0615;0.0461;-0.2534
517;1.3104;-1.2987;-0.0163;-0.0649;0.0478;-0.2696
518;1.2936;-1.2880;-0.0109;-0.0723;0.0529;-0.2725
519;1.2838;-1.2924;0.0015;-0.0716;0.0580;-0.2676
520;1.2759;-1.2782;-0.0016;-0.0677;0.0663;-0.2544
521;1.2724;-1.2759;-0.0024;-0.0549;0.0733;-0.2513
522;1.2596;-1.2639;-0.0007;-0.0502;0.0716;-0.2464
523;1.2674;-1.2704;-0.0012;-0.0293;0.0703;-0.2396
524;1.2830;-1.2928;0.0048;-0.0018;0.0719;-0.2295
525;1.2896;-1.3030;0.0060;0.0298;0.0604;-0.1969
526;1.3037;-1.3082;-0.0065;0.0583;0.0197;-0.1300
527;1.2980;-1.2783;-0.0274;0.0829;-0.0090;-0.0888
528;1.2659;-1.1618;-0.1104;0.0400;-0.0833;0.0350
577;0.9519;-0.9628;-0.0022;-0.2736;-0.0143;-0.0224
578;1.0857;-1.0970;0.0053;-0.4496;-0.0201;0.0351
579;1.1696;-1.1865;0.0057;-0.5469;-0.0289;0.1066
580;1.2341;-1.2515;0.0062;-0.6244;-0.0249;0.1547
581;1.2631;-1.2729;-0.0001;-0.6630;-0.0154;0.2157
582;1.2818;-1.2911;-0.0032;-0.6632;-0.0062;0.2719
583;1.3117;-1.3140;-0.0088;-0.6209;0.0037;0.3200
584;1.3535;-1.3462;-0.0160;-0.5485;0.0098;0.3605
585;1.3775;-1.3722;-0.0150;-0.4629;0.0024;0.3992
586;1.4002;-1.3940;-0.0162;-0.3726;-0.0046;0.4439
587;1.4212;-1.4092;-0.0202;-0.2734;-0.0104;0.4690
588;1.4336;-1.4247;-0.0184;-0.1736;-0.0166;0.4785
589;1.4488;-1.4426;-0.0169;-0.0740;-0.0181;0.4878
590;1.4639;-1.4535;-0.0189;0.0321;-0.0261;0.5040
591;1.4658;-1.4542;-0.0219;0.1511;-0.0363;0.5285
592;1.4450;-1.4301;-0.0252;0.2576;-0.0466;0.5428
593;1.4019;-1.3851;-0.0257;0.3434;-0.0561;0.5508
594;1.3422;-1.3314;-0.0218;0.4120;-0.0460;0.4813
595;1.2645;-1.2324;-0.0410;0.4464;-0.0103;0.3178
596;1.1656;-1.1023;-0.0692;0.3710;0.0176;0.2104
597;1.0264;-0.9058;-0.1419;0.1488;0.0456;0.0179
600;0.9699;-0.9885;0.0058;-0.2595;0.0038;0.0508
601;1.1167;-1.1433;0.0219;-0.4399;-0.0106;0.0156
602;1.2134;-1.2474;0.0227;-0.5315;-0.0210;0.0165
603;1.2766;-1.3056;0.0211;-0.5946;-0.0230;0.0348
604;1.3066;-1.3392;0.0222;-0.6226;-0.0215;0.0303
605;1.3255;-1.3543;0.0191;-0.6224;-0.0189;0.0421
606;1.3446;-1.3714;0.0166;-0.5783;-0.0070;0.0685
607;1.3833;-1.4092;0.0162;-0.5080;0.0018;0.0947
608;1.4098;-1.4249;0.0067;-0.4176;-0.0018;0.1113
609;1.4232;-1.4353;0.0027;-0.3190;-0.0080;0.1263
610;1.4488;-1.4602;0.0033;-0.2115;-0.0122;0.1404
611;1.4714;-1.4717;-0.0061;-0.1060;-0.0129;0.1657
612;1.4826;-1.4777;-0.0149;-0.0022;-0.0138;0.1900
613;1.4930;-1.4833;-0.0208;0.1030;-0.0097;0.2016
614;1.4891;-1.4769;-0.0211;0.2119;-0.0074;0.1927
615;1.4656;-1.4507;-0.0244;0.3139;-0.0126;0.1634
616;1.4283;-1.3943;-0.0434;0.3979;-0.0124;0.1106
617;1.3704;-1.3006;-0.0808;0.4615;-0.0080;0.0594
618;1.2874;-1.1651;-0.1278;0.4743;-0.0013;0.0342
619;1.1779;-0.9971;-0.1900;0.4037;0.0110;-0.0435
620;1.0293;-0.8083;-0.2355;0.1751;0.0083;-0.0353
623;0.9668;-0.9879;0.0076;-0.2603;-0.0253;-0.0715
624;1.1204;-1.1421;0.0177;-0.4392;-0.0020;-0.0300
625;1.2186;-1.2492;0.0193;-0.5330;0.0039;-0.0315
626;1.2773;-1.3080;0.0218;-0.5996;0.0049;-0.0502
627;1.3065;-1.3372;0.0199;-0.6288;0.0038;-0.0477
628;1.3269;-1.3537;0.0172;-0.6275;0.0047;-0.0593
629;1.3438;-1.3739;0.0205;-0.5886;0.0099;-0.0787
630;1.3830;-1.4097;0.0171;-0.5182;0.0080;-0.0991
631;1.4121;-1.4263;0.0075;-0.4271;0.0070;-0.1156
632;1.4277;-1.4403;0.0035;-0.3262;0.0042;-0.1247
633;1.4518;-1.4604;0.0002;-0.2124;0.0058;-0.1281
634;1.4708;-1.4718;-0.0054;-0.0992;0.0100;-0.1587
635;1.4840;-1.4840;-0.0086;0.0099;0.0108;-0.1819
636;1.4937;-1.4942;-0.0094;0.1139;0.0151;-0.1776
637;1.4873;-1.4805;-0.0156;0.2256;0.0209;-0.1649
638;1.4642;-1.4451;-0.0282;0.3293;0.0238;-0.1364
639;1.4271;-1.3930;-0.0435;0.4193;0.0173;-0.0878
640;1.3672;-1.3051;-0.0722;0.4853;0.0024;-0.0309
641;1.2820;-1.1583;-0.1308;0.4935;-0.0109;-0.0103
642;1.1720;-0.9782;-0.2024;0.4264;-0.0361;0.0657
643;1.0247;-0.7930;-0.2488;0.1914;-0.0234;0.0466
646;0.9349;-0.9384;-0.0093;-0.2762;-0.0117;0.0342
647;1.0785;-1.0821;-0.0016;-0.4588;0.0093;-0.0437
648;1.1780;-1.1913;0.0023;-0.5604;0.0191;-0.1237
649;1.2416;-1.2583;0.0064;-0.6367;0.0143;-0.1708
650;1.2665;-1.2824;0.0056;-0.6708;0.0060;-0.2228
651;1.2840;-1.2958;0.0007;-0.6707;0.0022;-0.2662
652;1.3123;-1.3127;-0.0107;-0.6304;-0.0009;-0.3152
653;1.3556;-1.3530;-0.0120;-0.5645;-0.0017;-0.3605
654;1.3842;-1.3862;-0.0071;-0.4835;0.0065;-0.3947
655;1.4102;-1.4060;-0.0143;-0.3874;0.0128;-0.4247
656;1.4285;-1.4206;-0.0171;-0.2747;0.0140;-0.4479
657;1.4391;-1.4391;-0.0096;-0.1656;0.0160;-0.4500
658;1.4563;-1.4573;-0.0096;-0.0585;0.0200;-0.4526
659;1.4665;-1.4597;-0.0153;0.0529;0.0307;-0.4783
660;1.4637;-1.4517;-0.0211;0.1729;0.0426;-0.5109
661;1.4427;-1.4316;-0.0217;0.2777;0.0516;-0.5266
662;1.4014;-1.3900;-0.0214;0.3735;0.0567;-0.5273
663;1.3388;-1.3180;-0.0300;0.4436;0.0450;-0.4710
664;1.2585;-1.2129;-0.0537;0.4697;0.0141;-0.3312
665;1.1560;-1.0901;-0.0721;0.4124;-0.0167;-0.2192
666;1.0047;-0.8715;-0.1572;0.1950;-0.0575;0.0262
715;0.9599;-0.9541;-0.0125;0.0025;0.0002;-0.0198
716;1.1238;-1.1257;-0.0099;-0.0164;0.0025;0.0694
717;1.2280;-1.2297;-0.0060;-0.0265;0.0033;0.1512
718;1.3028;-1.3028;-0.0052;-0.0245;0.0118;0.2164
719;1.3848;-1.3755;-0.0145;-0.0252;0.0087;0.3325
720;1.4619;-1.4401;-0.0264;-0.0280;-0.0014;0.4662
721;1.5204;-1.4980;-0.0285;-0.0302;-0.0035;0.5353
722;1.5555;-1.5289;-0.0340;-0.0326;-0.0026;0.5880
723;1.5898;-1.5549;-0.0409;-0.0390;-0.0018;0.6459
724;1.6167;-1.5781;-0.0448;-0.0373;-0.0008;0.6844
725;1.6421;-1.5956;-0.0531;-0.0314;0.0008;0.7155
726;1.6730;-1.6257;-0.0545;-0.0229;0.0018;0.7153
727;1.6899;-1.6437;-0.0521;-0.0072;-0.0004;0.7015
728;1.6968;-1.6549;-0.0496;0.0044;-0.0044;0.7079
729;1.7014;-1.6574;-0.0517;0.0008;-0.0031;0.7227
730;1.6887;-1.6380;-0.0583;-0.0022;0.0006;0.7310
731;1.6541;-1.6003;-0.0633;0.0081;0.0023;0.7164
732;1.5979;-1.5473;-0.0624;0.0131;0.0028;0.6131
733;1.4961;-1.4263;-0.0843;0.0069;0.0001;0.3900
734;1.3120;-1.2152;-0.1144;0.0153;-0.0106;0.2311
735;1.0105;-0.8602;-0.1603;0.0142;-0.0127;0.0220
738;0.9852;-0.9831;-0.0107;0.0043;0.0051;0.1015
739;1.1569;-1.1811;0.0104;-0.0063;0.0010;0.0992
740;1.2591;-1.2872;0.0200;-0.0154;0.0073;0.0982
741;1.3373;-1.3651;0.0162;-0.0219;0.0102;0.1290
742;1.4185;-1.4427;0.0176;-0.0259;0.0075;0.1159
743;1.4897;-1.5195;0.0222;-0.0249;0.0027;0.0875
744;1.5547;-1.5791;0.0180;-0.0240;-0.0043;0.1058
745;1.5892;-1.6076;0.0121;-0.0253;-0.0064;0.1302
746;1.6170;-1.6335;0.0082;-0.0303;-0.0055;0.1274
747;1.6525;-1.6636;0.0049;-0.0336;-0.0036;0.1471
748;1.6709;-1.6842;0.0067;-0.0301;-0.0006;0.1739
749;1.6877;-1.6979;-0.0009;-0.0228;0.0010;0.2068
750;1.7090;-1.6982;-0.0158;-0.0122;0.0008;0.2356
751;1.7221;-1.7018;-0.0259;-0.0028;-0.0019;0.2337
752;1.7287;-1.7062;-0.0299;0.0006;-0.0050;0.2097
753;1.7167;-1.6909;-0.0340;0.0002;-0.0044;0.1766
754;1.6764;-1.6372;-0.0475;0.0038;0.0001;0.1229
755;1.6168;-1.5392;-0.0883;0.0043;0.0011;0.0653
756;1.5163;-1.3817;-0.1494;0.0007;-0.0045;0.0543
757;1.3304;-1.1316;-0.2154;-0.0069;-0.0064;-0.0078
758;1.0281;-0.7802;-0.2570;-0.0248;0.0003;-0.0312
761;0.9844;-0.9840;-0.0084;0.0178;0.0093;-0.1094
762;1.1496;-1.1796;0.0157;0.0025;0.0070;-0.0985
763;1.2526;-1.2831;0.0233;-0.0032;0.0094;-0.0997
764;1.3332;-1.3639;0.0204;-0.0117;0.0050;-0.1366
765;1.4177;-1.4413;0.0157;-0.0166;0.0057;-0.1309
766;1.4933;-1.5152;0.0142;-0.0201;0.0052;-0.1063
767;1.5602;-1.5813;0.0150;-0.0196;-0.0030;-0.1253
768;1.5937;-1.6124;0.0120;-0.0206;-0.0044;-0.1402
769;1.6194;-1.6384;0.0092;-0.0233;-0.0021;-0.1359
770;1.6530;-1.6688;0.0085;-0.0298;0.0021;-0.1491
771;1.6714;-1.6814;0.0031;-0.0330;0.0019;-0.1714
772;1.6877;-1.6954;-0.0038;-0.0340;-0.0014;-0.2103
773;1.7087;-1.7048;-0.0104;-0.0283;-0.0010;-0.2359
774;1.7209;-1.7115;-0.0152;-0.0189;-0.0020;-0.2244
775;1.7259;-1.7147;-0.0194;-0.0159;-0.0036;-0.1903
776;1.7135;-1.6944;-0.0278;-0.0179;-0.0023;-0.1486
777;1.6731;-1.6361;-0.0461;-0.0176;-0.0019;-0.0946
778;1.6146;-1.5424;-0.0827;-0.0193;-0.0038;-0.0358
779;1.5143;-1.3840;-0.1447;-0.0241;-0.0066;-0.0280
780;1.3293;-1.1258;-0.2205;-0.0389;-0.0059;0.0310
781;1.0295;-0.7775;-0.2595;-0.0544;0.0033;0.0064
784;0.9637;-0.9522;-0.0176;0.0385;0.0094;0.0347
785;1.1143;-1.1110;-0.0161;0.0283;0.0133;-0.0443
786;1.2164;-1.2104;-0.0129;0.0155;0.0160;-0.1502
787;1.2978;-1.2994;-0.0057;0.0001;0.0104;-0.2346
788;1.3864;-1.3864;-0.0069;-0.0132;0.0048;-0.3415
789;1.4674;-1.4551;-0.0182;-0.0174;0.0034;-0.4479
790;1.5289;-1.5086;-0.0255;-0.0156;0.0007;-0.5028
791;1.5640;-1.5456;-0.0256;-0.0141;-0.0022;-0.5533
792;1.5944;-1.5720;-0.0289;-0.0150;-0.0023;-0.6117
793;1.6186;-1.5843;-0.0404;-0.0240;-0.0019;-0.6489
794;1.6441;-1.6071;-0.0442;-0.0345;-0.0029;-0.6784
795;1.6722;-1.6392;-0.0402;-0.0381;-0.0043;-0.6700
796;1.6880;-1.6545;-0.0402;-0.0316;-0.0058;-0.6581
797;1.6945;-1.6591;-0.0425;-0.0270;-0.0060;-0.6821
798;1.6984;-1.6555;-0.0515;-0.0290;-0.0062;-0.7154
799;1.6854;-1.6337;-0.0595;-0.0348;-0.0074;-0.7390
800;1.6490;-1.5995;-0.0576;-0.0336;-0.0065;-0.7236
801;1.5934;-1.5463;-0.0595;-0.0299;-0.0054;-0.6148
802;1.4913;-1.4221;-0.0829;-0.0334;-0.0044;-0.3975
803;1.3103;-1.2246;-0.1049;-0.0385;0.0005;-0.2184
804;1.0195;-0.8568;-0.1743;-0.0520;0.0075;-0.0114
853;0.9322;-0.9469;0.0022;0.2607;-0.0107;-0.0140
854;1.0664;-1.0709;-0.0006;0.4533;0.0110;0.0580
855;1.1629;-1.1745;0.0008;0.5511;0.0274;0.1216
856;1.2318;-1.2530;0.0106;0.6316;0.0160;0.1763
857;1.2604;-1.2731;0.0025;0.6728;0.0035;0.2238
858;1.2812;-1.2878;-0.0047;0.6773;-0.0006;0.2834
859;1.3110;-1.3102;-0.0119;0.6385;-0.0023;0.3355
860;1.3556;-1.3439;-0.0200;0.5785;-0.0020;0.3688
861;1.3872;-1.3803;-0.0166;0.5113;0.0026;0.4031
862;1.4095;-1.4029;-0.0166;0.4269;0.0097;0.4342
863;1.4338;-1.4226;-0.0206;0.3247;0.0111;0.4672
864;1.4514;-1.4430;-0.0186;0.2182;0.0095;0.4841
865;1.4657;-1.4567;-0.0197;0.0961;0.0140;0.4978
866;1.4724;-1.4575;-0.0233;-0.0276;0.0295;0.5175
867;1.4676;-1.4525;-0.0250;-0.1380;0.0394;0.5387
868;1.4509;-1.4385;-0.0228;-0.2368;0.0432;0.5394
869;1.4142;-1.4016;-0.0218;-0.3374;0.0497;0.5319
870;1.3497;-1.3317;-0.0295;-0.4158;0.0437;0.4921
871;1.2672;-1.2180;-0.0572;-0.4358;0.0110;0.3448
872;1.1749;-1.1080;-0.0727;-0.3777;-0.0153;0.2410
873;1.0286;-0.9106;-0.1438;-0.1672;-0.0531;-0.0353
876;0.9604;-0.9824;0.0103;0.2417;-0.0257;0.0451
877;1.0975;-1.1242;0.0225;0.4333;-0.0034;0.0148
878;1.1994;-1.2362;0.0248;0.5314;0.0093;0.0120
879;1.2681;-1.2922;0.0168;0.6019;0.0094;0.0318
880;1.2990;-1.3323;0.0221;0.6396;0.0084;0.0328
881;1.3248;-1.3594;0.0244;0.6348;0.0109;0.0433
882;1.3419;-1.3698;0.0185;0.5885;0.0117;0.0669
883;1.3771;-1.4037;0.0167;0.5273;0.0065;0.0949
884;1.4131;-1.4323;0.0112;0.4494;0.0059;0.1153
885;1.4279;-1.4457;0.0085;0.3657;0.0093;0.1319
886;1.4543;-1.4707;0.0077;0.2605;0.0105;0.1459
887;1.4796;-1.4877;0.0013;0.1474;0.0085;0.1610
888;1.4900;-1.4917;-0.0076;0.0307;0.0127;0.1744
889;1.4982;-1.4931;-0.0157;-0.0861;0.0159;0.1837
890;1.4950;-1.4828;-0.0221;-0.1966;0.0131;0.1778
891;1.4760;-1.4539;-0.0315;-0.2982;0.0144;0.1663
892;1.4386;-1.3987;-0.0494;-0.3882;0.0144;0.1181
893;1.3749;-1.3045;-0.0808;-0.4561;0.0060;0.0405
894;1.2917;-1.1690;-0.1281;-0.4604;-0.0054;0.0083
895;1.1934;-1.0072;-0.1962;-0.3711;-0.0280;-0.0517
896;1.0388;-0.8139;-0.2391;-0.1463;-0.0414;-0.0408
899;0.9631;-0.9818;0.0050;0.2357;0.0089;-0.0620
900;1.1026;-1.1397;0.0316;0.4181;-0.0177;-0.0251
901;1.2017;-1.2387;0.0255;0.5221;-0.0240;-0.0181
902;1.2697;-1.2967;0.0185;0.5945;-0.0220;-0.0264
903;1.2987;-1.3272;0.0187;0.6314;-0.0180;-0.0378
904;1.3214;-1.3489;0.0178;0.6295;-0.0152;-0.0553
905;1.3390;-1.3747;0.0259;0.5889;-0.0060;-0.0823
906;1.3740;-1.4113;0.0276;0.5281;0.0029;-0.1016
907;1.4109;-1.4351;0.0166;0.4475;0.0031;-0.1177
908;1.4292;-1.4468;0.0092;0.3626;-0.0036;-0.1348
909;1.4552;-1.4672;0.0035;0.2644;-0.0074;-0.1422
910;1.4807;-1.4822;-0.0050;0.1582;-0.0059;-0.1667
911;1.4896;-1.4881;-0.0101;0.0437;-0.0077;-0.1824
912;1.4962;-1.4934;-0.0129;-0.0746;-0.0117;-0.1881
913;1.4947;-1.4868;-0.0161;-0.1872;-0.0139;-0.1815
914;1.4747;-1.4584;-0.0251;-0.2876;-0.0188;-0.1676
915;1.4375;-1.3986;-0.0474;-0.3750;-0.0208;-0.1177
916;1.3771;-1.3036;-0.0835;-0.4406;-0.0123;-0.0452
917;1.2974;-1.1682;-0.1349;-0.4505;0.0015;-0.0167
918;1.2001;-1.0060;-0.2022;-0.3596;0.0128;0.0508
919;1.0416;-0.8270;-0.2303;-0.1401;-0.0079;0.0034
922;0.9483;-0.9656;0.0044;0.2449;-0.0097;0.0410
923;1.0823;-1.0822;-0.0068;0.4057;-0.0283;-0.0209
924;1.1650;-1.1726;-0.0029;0.5205;-0.0338;-0.1099
925;1.2250;-1.2442;0.0097;0.6175;-0.0148;-0.1824
926;1.2533;-1.2709;0.0075;0.6718;-0.0050;-0.2276
927;1.2764;-1.2893;0.0016;0.6711;-0.0050;-0.2646
928;1.3089;-1.3094;-0.0101;0.6228;0.0016;-0.3146
929;1.3516;-1.3434;-0.0175;0.5514;0.0094;-0.3759
930;1.3849;-1.3804;-0.0144;0.4696;0.0058;-0.4306
931;1.4109;-1.3997;-0.0214;0.3879;-0.0021;-0.4721
932;1.4334;-1.4192;-0.0234;0.3019;-0.0067;-0.4996
933;1.4519;-1.4440;-0.0173;0.2035;-0.0088;-0.5110
934;1.4630;-1.4542;-0.0188;0.0913;-0.0150;-0.5114
935;1.4690;-1.4535;-0.0236;-0.0234;-0.0296;-0.5307
936;1.4673;-1.4490;-0.0277;-0.1352;-0.0401;-0.5610
937;1.4469;-1.4272;-0.0295;-0.2310;-0.0478;-0.5745
938;1.4106;-1.3980;-0.0223;-0.3262;-0.0571;-0.5704
939;1.3560;-1.3440;-0.0218;-0.4006;-0.0468;-0.5053
940;1.2798;-1.2477;-0.0404;-0.4239;-0.0079;-0.3225
941;1.1870;-1.1405;-0.0520;-0.3503;0.0197;-0.1530
942;1.0413;-0.9138;-0.1505;-0.1310;0.0294;0.0604
991;1.2586;-1.2783;0.0147;-0.0025;0.0271;0.0575
992;1.3058;-1.3218;0.0065;0.0751;0.0529;0.1268
993;1.3516;-1.3658;0.0076;0.0934;0.0538;0.1832
994;1.3755;-1.3929;0.0129;0.0743;0.0525;0.2119
995;1.3943;-1.4073;0.0087;0.0474;0.0578;0.2147
996;1.3926;-1.3996;0.0034;0.0389;0.0617;0.2014
997;1.3764;-1.3725;-0.0080;0.0496;0.0572;0.2197
998;1.3519;-1.3429;-0.0141;0.0590;0.0553;0.2378
999;1.3366;-1.3285;-0.0118;0.0647;0.0569;0.2471
1000;1.3269;-1.3239;-0.0077;0.0716;0.0547;0.2667
1001;1.3119;-1.3141;-0.0042;0.0793;0.0540;0.2842
1002;1.2941;-1.2979;-0.0026;0.0821;0.0564;0.2950
1003;1.2807;-1.2806;-0.0051;0.0925;0.0562;0.2894
1004;1.2748;-1.2737;-0.0060;0.0932;0.0605;0.2820
1005;1.2686;-1.2688;-0.0051;0.0792;0.0644;0.2733
1006;1.2719;-1.2756;-0.0005;0.0522;0.0643;0.2468
1007;1.2781;-1.2928;0.0082;0.0330;0.0600;0.2324
1008;1.2850;-1.2994;0.0091;-0.0070;0.0527;0.2048
1009;1.2994;-1.3034;-0.0072;-0.0469;0.0231;0.1214
1010;1.2959;-1.2752;-0.0275;-0.0766;-0.0006;0.0844
1011;1.2674;-1.1540;-0.1173;-0.0486;-0.0597;-0.0173
1014;1.2651;-1.3090;0.0376;0.0135;0.0011;0.0005
1015;1.3090;-1.3602;0.0400;0.0857;0.0168;-0.0240
1016;1.3607;-1.3948;0.0307;0.0823;0.0170;-0.0214
1017;1.3840;-1.4207;0.0315;0.0501;0.0133;-0.0015
1018;1.3955;-1.4326;0.0327;0.0146;0.0173;0.0155
1019;1.3910;-1.4205;0.0262;-0.0049;0.0178;0.0450
1020;1.3789;-1.4104;0.0256;0.0016;0.0199;0.0517
1021;1.3606;-1.3927;0.0266;0.0148;0.0256;0.0695
1022;1.3430;-1.3691;0.0201;0.0330;0.0244;0.1023
1023;1.3333;-1.3487;0.0103;0.0397;0.0206;0.1232
1024;1.3205;-1.3304;0.0045;0.0510;0.0189;0.1184
1025;1.3038;-1.3137;0.0049;0.0551;0.0156;0.1132
1026;1.2888;-1.2997;0.0054;0.0583;0.0103;0.1166
1027;1.2762;-1.2800;0.0002;0.0471;0.0142;0.1252
1028;1.2680;-1.2667;-0.0059;0.0361;0.0166;0.1283
1029;1.2701;-1.2575;-0.0166;0.0020;0.0074;0.1278
1030;1.2867;-1.2549;-0.0359;-0.0287;0.0022;0.0928
1031;1.3002;-1.2447;-0.0595;-0.0664;-0.0002;0.0592
1032;1.3182;-1.2374;-0.0895;-0.0850;-0.0047;0.0512
1033;1.3160;-1.1858;-0.1353;-0.0925;-0.0099;-0.0074
1034;1.2839;-1.1174;-0.1697;-0.0245;-0.0163;-0.0168
1037;1.2571;-1.2901;0.0282;0.0220;0.0126;-0.0244
1038;1.3106;-1.3581;0.0369;0.0948;-0.0039;0.0019
1039;1.3625;-1.3985;0.0320;0.0863;-0.0094;0.0013
1040;1.3856;-1.4211;0.0305;0.0533;-0.0114;-0.0129
1041;1.3936;-1.4297;0.0316;0.0155;-0.0145;-0.0337
1042;1.3871;-1.4215;0.0296;-0.0058;-0.0156;-0.0634
1043;1.3754;-1.4152;0.0338;0.0002;-0.0111;-0.0726
1044;1.3606;-1.4003;0.0338;0.0149;-0.0087;-0.0786
1045;1.3433;-1.3732;0.0240;0.0364;-0.0069;-0.1034
1046;1.3302;-1.3513;0.0153;0.0438;-0.0107;-0.1093
1047;1.3190;-1.3341;0.0089;0.0516;-0.0160;-0.1027
1048;1.3042;-1.3140;0.0047;0.0518;-0.0141;-0.0971
1049;1.2893;-1.2993;0.0038;0.0545;-0.0119;-0.1033
1050;1.2793;-1.2833;-0.0002;0.0472;-0.0172;-0.1057
1051;1.2718;-1.2699;-0.0071;0.0374;-0.0239;-0.1017
1052;1.2737;-1.2621;-0.0158;0.0033;-0.0269;-0.0953
1053;1.2890;-1.2594;-0.0343;-0.0314;-0.0226;-0.0585
1054;1.3028;-1.2486;-0.0585;-0.0624;-0.0116;-0.0215
1055;1.3163;-1.2320;-0.0932;-0.0750;0.0025;-0.0224
1056;1.3096;-1.1660;-0.1481;-0.0840;0.0347;0.0122
1057;1.2746;-1.1048;-0.1721;-0.0310;0.0370;-0.0189
1060;1.2440;-1.2587;0.0104;0.0076;-0.0172;-0.0220
1061;1.3028;-1.3076;-0.0045;0.0962;-0.0421;-0.0934
1062;1.3530;-1.3603;0.0023;0.1087;-0.0525;-0.1627
1063;1.3790;-1.3964;0.0119;0.0803;-0.0552;-0.1987
1064;1.3919;-1.4077;0.0116;0.0440;-0.0529;-0.1979
1065;1.3864;-1.3970;0.0082;0.0363;-0.0517;-0.1878
1066;1.3690;-1.3654;-0.0073;0.0496;-0.0501;-0.2226
1067;1.3497;-1.3355;-0.0176;0.0754;-0.0482;-0.2650
1068;1.3345;-1.3238;-0.0146;0.0988;-0.0440;-0.2893
1069;1.3217;-1.3170;-0.0090;0.1039;-0.0421;-0.3152
1070;1.3112;-1.3127;-0.0043;0.1029;-0.0479;-0.3357
1071;1.2950;-1.2987;-0.0029;0.1016;-0.0544;-0.3454
1072;1.2830;-1.2828;-0.0052;0.1062;-0.0578;-0.3292
1073;1.2789;-1.2772;-0.0078;0.1031;-0.0615;-0.3111
1074;1.2710;-1.2725;-0.0032;0.0964;-0.0665;-0.3009
1075;1.2746;-1.2839;0.0048;0.0755;-0.0711;-0.2741
1076;1.2796;-1.2997;0.0144;0.0485;-0.0705;-0.2639
1077;1.2845;-1.3067;0.0148;0.0080;-0.0571;-0.2354
1078;1.2926;-1.3001;-0.0016;-0.0409;-0.0254;-0.1334
1079;1.2811;-1.2731;-0.0157;-0.0930;0.0124;-0.0282
1080;1.2424;-1.1312;-0.1167;-0.0648;0.0694;0.1039
1129;1.3620;-1.3847;0.0114;-0.0842;0.0653;0.1145
1130;1.3493;-1.3612;0.0121;-0.0837;0.0678;0.1448
1131;1.3589;-1.3769;0.0156;-0.1086;0.0801;0.1629
1132;1.3783;-1.3982;0.0165;-0.0969;0.0862;0.1523
1133;1.3850;-1.4020;0.0124;-0.0665;0.0852;0.1316
1134;1.3944;-1.4047;0.0057;-0.0633;0.0823;0.1393
1135;1.3947;-1.3959;-0.0022;-0.0650;0.0788;0.1641
1136;1.3725;-1.3748;-0.0015;-0.0620;0.0761;0.2105
1137;1.3431;-1.3467;-0.0006;-0.0512;0.0670;0.2245
1138;1.3165;-1.3166;-0.0027;-0.0591;0.0654;0.2194
1139;1.2882;-1.2845;-0.0043;-0.0858;0.0759;0.2316
1140;1.2619;-1.2547;-0.0079;-0.1210;0.0884;0.2512
1141;1.2413;-1.2295;-0.0139;-0.1667;0.0959;0.2593
1142;1.2218;-1.2112;-0.0136;-0.2068;0.1000;0.2559
1143;1.2039;-1.1990;-0.0074;-0.2208;0.1023;0.2341
1144;1.1916;-1.1877;-0.0068;-0.2200;0.1032;0.2002
1145;1.2020;-1.1992;-0.0044;-0.1957;0.1078;0.1745
1146;1.2192;-1.2160;-0.0065;-0.1691;0.1041;0.1097
1147;1.2424;-1.2258;-0.0193;-0.1169;0.0755;0.0201
1148;1.2903;-1.2582;-0.0339;-0.0618;0.0270;-0.0241
1149;1.3749;-1.2975;-0.0858;0.0342;-0.0135;-0.0170
1152;1.3700;-1.4113;0.0311;-0.0803;0.0149;0.0019
1153;1.3558;-1.3830;0.0290;-0.1069;0.0213;0.0030
1154;1.3611;-1.3930;0.0279;-0.1356;0.0298;0.0060
1155;1.3726;-1.4110;0.0342;-0.1122;0.0339;0.0216
1156;1.3834;-1.4187;0.0319;-0.0792;0.0289;0.0299
1157;1.3929;-1.4218;0.0246;-0.0611;0.0270;0.0481
1158;1.3958;-1.4209;0.0235;-0.0560;0.0271;0.0472
1159;1.3788;-1.4021;0.0207;-0.0681;0.0280;0.0379
1160;1.3504;-1.3678;0.0149;-0.0776;0.0213;0.0495
1161;1.3231;-1.3328;0.0078;-0.0957;0.0176;0.0656
1162;1.2917;-1.2979;0.0047;-0.1293;0.0268;0.0633
1163;1.2599;-1.2666;0.0048;-0.1679;0.0319;0.0657
1164;1.2380;-1.2465;0.0070;-0.2054;0.0329;0.0712
1165;1.2163;-1.2200;0.0012;-0.2373;0.0375;0.0796
1166;1.2019;-1.1933;-0.0110;-0.2440;0.0467;0.0973
1167;1.1949;-1.1805;-0.0181;-0.2317;0.0442;0.1113
1168;1.1974;-1.1730;-0.0285;-0.2015;0.0386;0.0809
1169;1.2165;-1.1765;-0.0436;-0.1630;0.0344;0.0701
1170;1.2423;-1.1861;-0.0588;-0.1137;0.0169;0.0831
1171;1.3040;-1.2382;-0.0719;-0.0431;-0.0062;0.0489
1172;1.3890;-1.2985;-0.0945;0.0461;-0.0058;0.0085
1175;1.3696;-1.4164;0.0357;-0.0861;-0.0132;-0.0151
1176;1.3558;-1.3843;0.0303;-0.1087;-0.0294;-0.0050
1177;1.3623;-1.3955;0.0288;-0.1317;-0.0316;-0.0126
1178;1.3729;-1.4067;0.0296;-0.1072;-0.0329;-0.0232
1179;1.3866;-1.4185;0.0282;-0.0730;-0.0309;-0.0361
1180;1.3976;-1.4259;0.0248;-0.0505;-0.0278;-0.0457
1181;1.3971;-1.4191;0.0199;-0.0480;-0.0310;-0.0471
1182;1.3784;-1.3952;0.0152;-0.0668;-0.0382;-0.0405
1183;1.3503;-1.3712;0.0199;-0.0826;-0.0443;-0.0492
1184;1.3228;-1.3465;0.0213;-0.0998;-0.0428;-0.0524
1185;1.2908;-1.3054;0.0132;-0.1271;-0.0333;-0.0433
1186;1.2585;-1.2695;0.0089;-0.1580;-0.0305;-0.0295
1187;1.2358;-1.2411;0.0046;-0.1958;-0.0337;-0.0416
1188;1.2129;-1.2145;-0.0011;-0.2365;-0.0369;-0.0600
1189;1.1982;-1.1933;-0.0073;-0.2490;-0.0399;-0.0801
1190;1.1939;-1.1809;-0.0161;-0.2354;-0.0327;-0.0886
1191;1.1964;-1.1755;-0.0246;-0.2085;-0.0257;-0.0690
1192;1.2144;-1.1806;-0.0366;-0.1731;-0.0210;-0.0447
1193;1.2420;-1.1904;-0.0537;-0.1183;-0.0196;-0.0438
1194;1.3079;-1.2272;-0.0877;-0.0311;-0.0079;-0.0324
1195;1.3908;-1.2827;-0.1142;0.0619;0.0176;-0.0232
1198;1.3634;-1.3799;0.0061;-0.0812;-0.0344;-0.0541
1199;1.3497;-1.3527;0.0025;-0.0879;-0.0583;-0.0975
1200;1.3622;-1.3703;0.0051;-0.1073;-0.0831;-0.1420
1201;1.3810;-1.3946;0.0102;-0.0890;-0.0851;-0.1374
1202;1.3913;-1.4029;0.0080;-0.0528;-0.0814;-0.1159
1203;1.4003;-1.4102;0.0032;-0.0435;-0.0813;-0.1244
1204;1.3989;-1.4041;0.0018;-0.0433;-0.0802;-0.1441
1205;1.3752;-1.3771;-0.0012;-0.0468;-0.0854;-0.1659
1206;1.3449;-1.3378;-0.0093;-0.0526;-0.0890;-0.1885
1207;1.3159;-1.3147;-0.0045;-0.0661;-0.0829;-0.2250
1208;1.2867;-1.2914;0.0027;-0.0848;-0.0798;-0.2600
1209;1.2605;-1.2594;-0.0021;-0.1115;-0.0896;-0.2744
1210;1.2354;-1.2304;-0.0067;-0.1533;-0.1029;-0.2665
1211;1.2135;-1.2070;-0.0081;-0.1974;-0.1047;-0.2516
1212;1.1976;-1.1976;-0.0032;-0.2232;-0.0997;-0.2251
1213;1.1907;-1.1989;0.0054;-0.2254;-0.0993;-0.1861
1214;1.2025;-1.2134;0.0085;-0.2022;-0.0991;-0.1555
1215;1.2193;-1.2221;0.0010;-0.1686;-0.0941;-0.0871
1216;1.2428;-1.2308;-0.0155;-0.0997;-0.0700;-0.0100
1217;1.2947;-1.2652;-0.0325;-0.0303;-0.0279;0.0403
1218;1.3724;-1.2936;-0.0857;0.0454;0.0290;0.0836
1267;1.4269;-1.4174;-0.0056;-0.2584;0.0669;0.1588
1268;1.4689;-1.4921;0.0180;-0.2067;0.0675;0.1543
1269;1.4607;-1.4856;0.0215;-0.0907;0.0703;0.0896
1270;1.4180;-1.4326;0.0127;-0.0203;0.0835;0.0556
1271;1.3808;-1.3828;0.0018;0.0027;0.0890;0.0430
1272;1.3427;-1.3450;0.0020;-0.0123;0.0889;0.0351
1273;1.3065;-1.3084;0.0034;-0.0370;0.0919;0.0449
1274;1.2869;-1.2849;-0.0002;-0.0922;0.1001;0.0900
1275;1.2657;-1.2577;-0.0060;-0.1605;0.1163;0.1188
1276;1.2367;-1.2263;-0.0088;-0.2104;0.1265;0.1235
1277;1.2145;-1.2093;-0.0076;-0.2396;0.1253;0.1379
1278;1.1964;-1.1863;-0.0102;-0.2534;0.1183;0.1525
1279;1.1761;-1.1676;-0.0081;-0.2508;0.1175;0.1644
1280;1.1610;-1.1576;-0.0049;-0.2488;0.1122;0.1772
1281;1.1584;-1.1541;-0.0059;-0.2593;0.1018;0.1702
1282;1.1654;-1.1623;-0.0050;-0.2731;0.1014;0.1641
1283;1.1972;-1.1983;-0.0014;-0.2792;0.1002;0.1524
1284;1.2428;-1.2309;-0.0138;-0.2719;0.0904;0.1240
1285;1.2987;-1.2657;-0.0354;-0.2429;0.0790;0.0914
1286;1.3761;-1.3361;-0.0418;-0.1866;0.0601;0.0605
1287;1.4855;-1.4345;-0.0494;-0.0933;0.0054;0.0244
1290;1.4465;-1.4480;0.0061;-0.2613;0.0134;-0.0109
1291;1.4848;-1.4843;-0.0052;-0.1951;0.0203;0.0352
1292;1.4592;-1.4659;0.0045;-0.0878;0.0255;0.0457
1293;1.4161;-1.4292;0.0115;-0.0292;0.0271;0.0394
1294;1.3842;-1.3975;0.0124;-0.0168;0.0271;0.0454
1295;1.3521;-1.3582;0.0061;-0.0443;0.0288;0.0694
1296;1.3147;-1.3157;0.0007;-0.0851;0.0347;0.0750
1297;1.2841;-1.2830;-0.0010;-0.1410;0.0378;0.0567
1298;1.2626;-1.2566;-0.0050;-0.2017;0.0434;0.0433
1299;1.2382;-1.2278;-0.0104;-0.2513;0.0548;0.0322
1300;1.2199;-1.2099;-0.0111;-0.2792;0.0545;0.0373
1301;1.2041;-1.1978;-0.0070;-0.2873;0.0460;0.0424
1302;1.1810;-1.1737;-0.0079;-0.2936;0.0416;0.0380
1303;1.1654;-1.1585;-0.0078;-0.3007;0.0369;0.0310
1304;1.1576;-1.1527;-0.0064;-0.3136;0.0318;0.0464
1305;1.1647;-1.1569;-0.0087;-0.3252;0.0306;0.0502
1306;1.1895;-1.1740;-0.0173;-0.3312;0.0300;0.0331
1307;1.2287;-1.2076;-0.0235;-0.3055;0.0300;0.0337
1308;1.2951;-1.2642;-0.0314;-0.2453;0.0353;0.0393
1309;1.3741;-1.3343;-0.0421;-0.1733;0.0260;0.0391
1310;1.4959;-1.4328;-0.0682;-0.0679;0.0080;0.0220
1313;1.4546;-1.4560;0.0048;-0.2579;-0.0431;-0.0023
1314;1.4889;-1.4941;-0.0009;-0.1889;-0.0405;-0.0314
1315;1.4613;-1.4718;0.0084;-0.0816;-0.0349;-0.0320
1316;1.4190;-1.4286;0.0081;-0.0185;-0.0396;-0.0111
1317;1.3867;-1.3938;0.0067;-0.0100;-0.0411;-0.0193
1318;1.3546;-1.3607;0.0056;-0.0434;-0.0423;-0.0450
1319;1.3194;-1.3145;-0.0050;-0.0845;-0.0430;-0.0501
1320;1.2832;-1.2727;-0.0110;-0.1334;-0.0410;-0.0386
1321;1.2600;-1.2579;-0.0033;-0.1904;-0.0370;-0.0287
1322;1.2400;-1.2372;-0.0023;-0.2457;-0.0374;-0.0258
1323;1.2199;-1.2132;-0.0074;-0.2838;-0.0414;-0.0185
1324;1.2015;-1.1934;-0.0087;-0.2993;-0.0389;-0.0163
1325;1.1767;-1.1681;-0.0091;-0.3064;-0.0347;-0.0231
1326;1.1604;-1.1515;-0.0094;-0.3047;-0.0287;-0.0286
1327;1.1554;-1.1460;-0.0103;-0.3154;-0.0265;-0.0462
1328;1.1644;-1.1511;-0.0149;-0.3331;-0.0239;-0.0658
1329;1.1860;-1.1674;-0.0201;-0.3416;-0.0189;-0.0633
1330;1.2212;-1.1949;-0.0283;-0.3209;-0.0143;-0.0684
1331;1.2893;-1.2606;-0.0308;-0.2691;-0.0059;-0.0778
1332;1.3651;-1.3215;-0.0442;-0.2007;-0.0022;-0.0799
1333;1.4880;-1.4185;-0.0701;-0.0791;0.0057;-0.0497
1336;1.4401;-1.4369;-0.0011;-0.2681;-0.0899;-0.1092
1337;1.4791;-1.5014;0.0170;-0.1963;-0.0870;-0.1186
1338;1.4666;-1.4819;0.0132;-0.0743;-0.0815;-0.0760
1339;1.4223;-1.4294;0.0055;-0.0038;-0.0959;-0.0504
1340;1.3805;-1.3796;-0.0020;0.0088;-0.1012;-0.0424
1341;1.3458;-1.3370;-0.0067;-0.0178;-0.1011;-0.0436
1342;1.3102;-1.3058;-0.0027;-0.0565;-0.1071;-0.0641
1343;1.2800;-1.2809;-0.0001;-0.1100;-0.1093;-0.0941
1344;1.2584;-1.2559;-0.0039;-0.1593;-0.1094;-0.1089
1345;1.2369;-1.2293;-0.0056;-0.2009;-0.1188;-0.1352
1346;1.2119;-1.2037;-0.0082;-0.2418;-0.1282;-0.1652
1347;1.1900;-1.1811;-0.0096;-0.2666;-0.1254;-0.1849
1348;1.1699;-1.1658;-0.0057;-0.2721;-0.1157;-0.1884
1349;1.1541;-1.1484;-0.0060;-0.2696;-0.1086;-0.1884
1350;1.1541;-1.1507;-0.0056;-0.2699;-0.1025;-0.1611
1351;1.1649;-1.1642;-0.0024;-0.2881;-0.0991;-0.1394
1352;1.1879;-1.1887;-0.0014;-0.3076;-0.0927;-0.1296
1353;1.2227;-1.2137;-0.0118;-0.3162;-0.0756;-0.0841
1354;1.2822;-1.2474;-0.0361;-0.2937;-0.0579;-0.0625
1355;1.3579;-1.3093;-0.0518;-0.2414;-0.0359;-0.0355
1356;1.4697;-1.4036;-0.0665;-0.1215;0.0035;-0.0093
1;1.3675;-1.3647;0.0652;0.0468;-0.0485;-0.0927
2;1.4205;-1.4237;0.0074;-0.2747;-0.1986;-0.2918
3;1.3028;-1.2431;-0.0612;-0.4979;-0.2253;-0.3947
4;1.2309;-1.1487;-0.0796;-0.5060;-0.2348;-0.3690
5;1.2066;-1.1397;-0.0680;-0.3995;-0.2306;-0.2778
6;1.1926;-1.1315;-0.0599;-0.3097;-0.2089;-0.2225
7;1.1750;-1.1255;-0.0499;-0.2316;-0.1960;-0.1750
8;1.1483;-1.1109;-0.0381;-0.1349;-0.1954;-0.1344
9;1.1605;-1.1212;-0.0384;-0.0631;-0.1857;-0.1062
10;1.1939;-1.1487;-0.0462;-0.0250;-0.1668;-0.0602
11;1.2124;-1.1634;-0.0490;0.0096;-0.1467;0.0078
12;1.2191;-1.1691;-0.0500;0.0249;-0.1460;0.0425
13;1.2111;-1.1622;-0.0497;0.0293;-0.1678;0.0726
14;1.2154;-1.1677;-0.0491;0.0263;-0.1865;0.1085
15;1.2371;-1.1840;-0.0526;-0.0002;-0.1955;0.1435
16;1.2677;-1.2147;-0.0522;-0.0388;-0.1953;0.1615
17;1.3103;-1.2627;-0.0472;-0.1107;-0.1902;0.1677
18;1.3521;-1.3127;-0.0390;-0.1884;-0.1939;0.1512
19;1.4078;-1.3880;-0.0193;-0.2345;-0.2051;0.1163
20;1.4953;-1.5016;0.0058;-0.2401;-0.1981;0.0598
21;1.5939;-1.6208;0.0251;-0.2455;-0.1784;-0.0680
22;1.6578;-1.6984;0.0338;-0.1943;-0.1379;-0.2366
23;1.6665;-1.7511;0.0526;-0.1152;0.0493;-0.1255
24;1.4863;-1.3361;-0.0646;0.1094;-0.0732;0.0667
25;1.4384;-1.4167;-0.0288;-0.2907;-0.0609;0.0747
26;1.2853;-1.2999;0.0145;-0.5725;-0.0460;-0.0012
27;1.1877;-1.2019;0.0135;-0.6062;-0.0492;0.0102
28;1.1368;-1.1377;0.0016;-0.5090;-0.0440;0.0536
29;1.1207;-1.1245;0.0039;-0.4052;-0.0410;0.0719
30;1.1071;-1.1121;0.0028;-0.3041;-0.0447;0.0634
31;1.0869;-1.0812;-0.0045;-0.1804;-0.0482;0.0518
32;1.1073;-1.1141;0.0049;-0.0778;-0.0507;0.0559
33;1.1407;-1.1607;0.0190;-0.0129;-0.0424;0.0463
34;1.1600;-1.1823;0.0202;0.0245;-0.0187;0.0254
35;1.1733;-1.1935;0.0197;0.0361;-0.0182;0.0245
36;1.1775;-1.1927;0.0142;0.0414;-0.0388;0.0429
37;1.1850;-1.1910;0.0053;0.0438;-0.0456;0.0516
38;1.1996;-1.2064;0.0060;0.0258;-0.0449;0.0421
39;1.2282;-1.2327;0.0048;-0.0080;-0.0444;0.0257
40;1.2878;-1.2831;-0.0042;-0.0708;-0.0444;0.0053
41;1.3611;-1.3482;-0.0133;-0.1588;-0.0457;-0.0054
42;1.4334;-1.4065;-0.0276;-0.2322;-0.0524;0.0249
43;1.5260;-1.4822;-0.0431;-0.2600;-0.0483;0.1033
44;1.6395;-1.5919;-0.0472;-0.2836;-0.0324;0.2181
45;1.7271;-1.6687;-0.0545;-0.2515;-0.0119;0.4196
46;1.8082;-1.8054;-0.0482;-0.1897;0.0235;0.3346
47;1.5028;-1.3954;-0.0223;0.0995;-0.0414;0.0138
48;1.4401;-1.4194;-0.0247;-0.2818;-0.0286;0.0656
49;1.2878;-1.2830;-0.0054;-0.5670;-0.0172;0.0329
50;1.1872;-1.2028;0.0161;-0.6235;-0.0241;-0.0375
51;1.1172;-1.1443;0.0260;-0.5612;-0.0292;-0.0401
52;1.0870;-1.1133;0.0251;-0.4587;-0.0261;-0.0209
53;1.0689;-1.0917;0.0212;-0.3553;-0.0170;-0.0012
54;1.0614;-1.0800;0.0165;-0.2219;-0.0015;0.0251
55;1.0894;-1.1039;0.0125;-0.1205;-0.0026;0.0407
56;1.1175;-1.1351;0.0165;-0.0492;-0.0036;0.0581
57;1.1385;-1.1699;0.0295;-0.0109;0.0002;0.0549
58;1.1513;-1.1848;0.0322;0.0229;-0.0022;0.0279
59;1.1598;-1.1842;0.0238;0.0475;-0.0037;0.0048
60;1.1699;-1.1910;0.0205;0.0575;-0.0044;-0.0124
61;1.1786;-1.1983;0.0189;0.0476;-0.0077;-0.0149
62;1.2088;-1.2234;0.0148;0.0162;-0.0064;-0.0159
63;1.2752;-1.2909;0.0165;-0.0530;-0.0044;-0.0166
64;1.3624;-1.3767;0.0160;-0.1610;-0.0093;-0.0147
65;1.4395;-1.4409;0.0025;-0.2615;-0.0110;-0.0287
66;1.5238;-1.5130;-0.0100;-0.2958;-0.0130;-0.0583
67;1.6518;-1.6210;-0.0296;-0.3098;-0.0233;-0.1447
68;1.7560;-1.7046;-0.0534;-0.3020;-0.0280;-0.2991
69;1.8240;-1.8203;-0.0533;-0.2425;-0.0058;-0.2463
70;1.4971;-1.3794;-0.0342;0.0902;0.0218;-0.0146
71;1.4449;-1.4117;-0.0402;-0.2858;-0.0014;-0.0551
72;1.2979;-1.2830;-0.0150;-0.5453;0.0022;-0.0465
73;1.1999;-1.2131;0.0128;-0.5923;0.0154;-0.0080
74;1.1265;-1.1547;0.0272;-0.5363;0.0134;0.0075
75;1.0870;-1.1161;0.0281;-0.4376;0.0198;-0.0142
76;1.0652;-1.0895;0.0228;-0.3356;0.0274;-0.0318
77;1.0709;-1.0940;0.0207;-0.2078;0.0149;-0.0544
78;1.0999;-1.1216;0.0196;-0.1198;0.0052;-0.0575
79;1.1232;-1.1486;0.0243;-0.0595;0.0001;-0.0379
80;1.1384;-1.1670;0.0272;-0.0310;-0.0043;-0.0222
81;1.1449;-1.1688;0.0232;0.0048;-0.0024;-0.0147
82;1.1550;-1.1841;0.0283;0.0324;0.0063;0.0000
83;1.1668;-1.1994;0.0320;0.0430;0.0121;0.0176
84;1.1801;-1.2008;0.0209;0.0306;0.0215;0.0310
85;1.2148;-1.2294;0.0151;-0.0055;0.0303;0.0392
86;1.2779;-1.2932;0.0166;-0.0849;0.0296;0.0404
87;1.3669;-1.3711;0.0058;-0.1921;0.0229;0.0467
88;1.4443;-1.4346;-0.0086;-0.2984;0.0202;0.0506
89;1.5275;-1.5076;-0.0190;-0.3392;0.0213;0.0654
90;1.6595;-1.6304;-0.0290;-0.3431;0.0193;0.1524
91;1.7574;-1.7193;-0.0411;-0.3294;0.0126;0.3089
92;1.8264;-1.8359;-0.0397;-0.2543;-0.0040;0.2228
93;1.4880;-1.3325;-0.0726;0.1243;0.1069;-0.1145
94;1.4536;-1.4336;-0.0288;-0.2701;0.0612;-0.1452
95;1.2990;-1.3303;0.0315;-0.5633;0.0444;0.0030
96;1.1970;-1.2193;0.0224;-0.6110;0.0536;0.0514
97;1.1436;-1.1502;0.0069;-0.5108;0.0430;0.0340
98;1.1146;-1.1186;0.0038;-0.3943;0.0480;0.0276
99;1.0947;-1.0908;-0.0045;-0.2818;0.0631;0.0090
100;1.0992;-1.0993;-0.0015;-0.1727;0.0573;-0.0132
101;1.1274;-1.1367;0.0070;-0.0989;0.0369;-0.0327
102;1.1484;-1.1548;0.0060;-0.0465;0.0292;-0.0507
103;1.1623;-1.1681;0.0041;-0.0124;0.0267;-0.0605
104;1.1710;-1.1855;0.0130;0.0075;0.0195;-0.0579
105;1.1748;-1.1913;0.0153;0.0162;0.0244;-0.0559
106;1.1835;-1.1912;0.0066;0.0198;0.0379;-0.0698
107;1.2013;-1.2073;0.0052;0.0033;0.0576;-0.0715
108;1.2374;-1.2407;0.0042;-0.0347;0.0627;-0.0628
109;1.2938;-1.2846;-0.0089;-0.1188;0.0617;-0.0440
110;1.3658;-1.3490;-0.0175;-0.2074;0.0653;-0.0280
111;1.4437;-1.4112;-0.0320;-0.2967;0.0564;-0.0354
112;1.5386;-1.4907;-0.0472;-0.3409;0.0411;-0.0904
113;1.6578;-1.6145;-0.0417;-0.3508;0.0188;-0.2008
114;1.7319;-1.7028;-0.0257;-0.3057;-0.0107;-0.3808
115;1.8152;-1.8474;-0.0150;-0.2137;-0.0408;-0.2781
116;1.3503;-1.3735;0.1005;0.0762;0.0871;0.1088
117;1.4225;-1.4334;0.0160;-0.2511;0.2242;0.3765
118;1.3011;-1.2255;-0.0786;-0.5189;0.2455;0.5186
119;1.2195;-1.1214;-0.0973;-0.5652;0.2577;0.4554
120;1.1934;-1.1121;-0.0817;-0.4580;0.2373;0.3135
121;1.1748;-1.1018;-0.0709;-0.3363;0.2173;0.2195
122;1.1523;-1.0984;-0.0526;-0.2444;0.2076;0.1619
123;1.1470;-1.1020;-0.0457;-0.1528;0.2023;0.1163
124;1.1732;-1.1260;-0.0469;-0.0918;0.1769;0.0794
125;1.1963;-1.1453;-0.0512;-0.0563;0.1631;0.0583
126;1.2100;-1.1570;-0.0540;-0.0255;0.1594;0.0336
127;1.2225;-1.1674;-0.0563;-0.0087;0.1449;-0.0108
128;1.2215;-1.1607;-0.0603;-0.0011;0.1465;-0.0575
129;1.2262;-1.1667;-0.0594;0.0071;0.1679;-0.0831
130;1.2413;-1.1844;-0.0578;-0.0084;0.1912;-0.1105
131;1.2706;-1.2144;-0.0555;-0.0502;0.2031;-0.1339
132;1.3145;-1.2681;-0.0461;-0.1260;0.2045;-0.1340
133;1.3529;-1.3209;-0.0312;-0.1983;0.2111;-0.1239
134;1.4097;-1.4084;-0.0018;-0.2562;0.2206;-0.0908
135;1.4977;-1.5237;0.0244;-0.2705;0.2174;-0.0434
136;1.6032;-1.6388;0.0330;-0.2625;0.1984;0.0767
137;1.6591;-1.6971;0.0366;-0.1936;0.1395;0.2283
138;1.6613;-1.7467;0.0597;-0.1196;-0.0634;0.1109
139;1.3796;-1.3477;-0.0055;0.1483;-0.0030;-0.0632
140;1.4095;-1.3823;-0.0305;0.2392;-0.1403;-0.0615
141;1.4726;-1.4295;-0.0449;0.1647;-0.1561;-0.0633
142;1.4756;-1.4208;-0.0552;0.0479;-0.1653;-0.0623
143;1.4125;-1.3545;-0.0622;-0.0318;-0.1873;-0.0551
144;1.3807;-1.3311;-0.0515;-0.0617;-0.1904;-0.0113
145;1.3535;-1.3083;-0.0448;-0.0524;-0.1925;0.0516
146;1.3207;-1.2757;-0.0446;-0.0356;-0.2007;0.1038
147;1.3019;-1.2626;-0.0410;0.0045;-0.2008;0.1682
148;1.2770;-1.2350;-0.0417;0.0551;-0.2078;0.2139
149;1.2555;-1.2207;-0.0368;0.0832;-0.2182;0.2349
150;1.2339;-1.2035;-0.0354;0.1090;-0.2208;0.2601
151;1.2086;-1.1689;-0.0430;0.1257;-0.2240;0.2923
152;1.1934;-1.1484;-0.0477;0.1305;-0.2320;0.3348
153;1.1818;-1.1344;-0.0519;0.1402;-0.2416;0.3717
154;1.1778;-1.1260;-0.0568;0.1408;-0.2515;0.4068
155;1.1891;-1.1336;-0.0588;0.1505;-0.2543;0.4613
156;1.2264;-1.1747;-0.0542;0.1682;-0.2484;0.5061
157;1.2714;-1.2350;-0.0398;0.1568;-0.2385;0.5251
158;1.3110;-1.3017;-0.0117;0.1287;-0.2256;0.4927
159;1.3786;-1.4063;0.0218;0.1118;-0.1922;0.4167
160;1.4871;-1.5775;0.0855;0.0520;-0.1087;0.2491
161;1.5753;-1.7468;0.1296;-0.0302;0.1233;0.0835
162;1.4327;-1.3845;-0.0258;0.2166;-0.0314;0.0320
184;1.6633;-1.6118;-0.0914;-0.0762;0.0488;0.0563
185;1.4420;-1.4302;0.0039;0.2146;-0.0044;0.0095
207;1.6655;-1.6282;-0.0796;-0.0601;0.0228;-0.0495
208;1.4396;-1.4439;0.0243;0.2255;0.0117;-0.0098
230;1.6587;-1.6322;-0.0680;-0.0462;0.0218;0.0521
231;1.4213;-1.3888;-0.0068;0.2221;0.0529;-0.0381
253;1.6554;-1.6056;-0.0900;-0.0645;-0.0077;-0.0220
254;1.3642;-1.3486;0.0056;0.1385;-0.0032;0.0753
255;1.3937;-1.3893;-0.0092;0.2393;0.1420;0.0917
256;1.4619;-1.4341;-0.0296;0.1881;0.1585;0.0831
257;1.4700;-1.4193;-0.0502;0.0561;0.1631;0.0756
258;1.4109;-1.3612;-0.0536;-0.0384;0.1775;0.0407
259;1.3641;-1.3230;-0.0441;-0.0820;0.1837;-0.0162
260;1.3401;-1.3001;-0.0404;-0.0606;0.1917;-0.0772
261;1.3071;-1.2680;-0.0396;-0.0275;0.1995;-0.1084
262;1.2825;-1.2489;-0.0351;0.0147;0.2038;-0.1489
263;1.2629;-1.2243;-0.0385;0.0612;0.2121;-0.1975
264;1.2448;-1.2050;-0.0412;0.0899;0.2154;-0.2416
265;1.2299;-1.1941;-0.0385;0.1110;0.2179;-0.2763
266;1.2137;-1.1803;-0.0372;0.1256;0.2205;-0.3088
267;1.1933;-1.1538;-0.0429;0.1300;0.2298;-0.3378
268;1.1782;-1.1318;-0.0491;0.1322;0.2380;-0.3678
269;1.1793;-1.1272;-0.0556;0.1336;0.2451;-0.4206
270;1.1911;-1.1285;-0.0659;0.1397;0.2530;-0.4779
271;1.2311;-1.1755;-0.0588;0.1489;0.2472;-0.5111
272;1.2816;-1.2585;-0.0253;0.1519;0.2405;-0.5137
273;1.3272;-1.3400;0.0112;0.1458;0.2303;-0.4624
274;1.3852;-1.4368;0.0449;0.1201;0.1934;-0.3534
275;1.4770;-1.5814;0.0968;0.0437;0.1199;-0.2081
276;1.5464;-1.7343;0.1372;-0.0424;-0.1368;-0.0814
277;1.3313;-1.2859;-0.0343;0.0620;0.0164;0.0524
278;1.3506;-1.2999;-0.0610;-0.0000;-0.1137;0.0871
279;1.3318;-1.2640;-0.0710;0.0017;-0.1583;0.0919
280;1.3529;-1.2787;-0.0781;0.0302;-0.1649;0.1410
281;1.3926;-1.3136;-0.0848;0.0094;-0.1519;0.1949
282;1.3959;-1.3178;-0.0836;-0.0282;-0.1528;0.2553
283;1.4008;-1.3275;-0.0778;-0.0446;-0.1508;0.3277
284;1.4013;-1.3295;-0.0769;-0.0518;-0.1443;0.3916
285;1.3736;-1.3042;-0.0742;-0.0665;-0.1466;0.4352
286;1.3454;-1.2794;-0.0693;-0.0720;-0.1501;0.4665
287;1.3177;-1.2505;-0.0685;-0.0645;-0.1559;0.4836
288;1.2933;-1.2203;-0.0722;-0.0550;-0.1628;0.5145
289;1.2786;-1.2037;-0.0757;-0.0385;-0.1689;0.5502
290;1.2591;-1.1824;-0.0781;-0.0151;-0.1818;0.5840
291;1.2387;-1.1568;-0.0839;0.0055;-0.1973;0.6183
292;1.2277;-1.1398;-0.0895;0.0139;-0.2117;0.6622
293;1.2248;-1.1340;-0.0932;0.0030;-0.2275;0.7105
294;1.2439;-1.1565;-0.0916;-0.0366;-0.2331;0.7435
295;1.2677;-1.1899;-0.0818;-0.0607;-0.2395;0.7818
296;1.2960;-1.2457;-0.0554;-0.1004;-0.2264;0.7971
297;1.3489;-1.3696;0.0123;-0.1541;-0.1798;0.7313
298;1.4040;-1.5403;0.1219;-0.1628;-0.1273;0.5889
299;1.4783;-1.6859;0.1937;-0.1137;0.0793;0.3074
300;1.3963;-1.4092;0.0116;0.1361;-0.0088;0.0186
322;1.5293;-1.3862;-0.1459;-0.1813;0.0065;0.0155
323;1.4210;-1.4308;0.0093;0.1439;0.0210;0.0024
345;1.5334;-1.4384;-0.0996;-0.1862;-0.0019;-0.0119
346;1.4243;-1.4527;0.0252;0.1392;0.0020;0.0112
368;1.5359;-1.4575;-0.0826;-0.1902;0.0091;0.0106
369;1.3936;-1.4056;0.0108;0.1371;0.0277;-0.0580
391;1.5305;-1.3896;-0.1457;-0.1869;0.0171;0.0087
392;1.3101;-1.2743;-0.0252;0.0708;-0.0064;-0.0194
393;1.3474;-1.3137;-0.0439;-0.0039;0.1221;-0.0404
394;1.3428;-1.2891;-0.0560;-0.0020;0.1552;-0.0840
395;1.3567;-1.2910;-0.0708;0.0392;0.1648;-0.1599
396;1.3872;-1.3145;-0.0767;0.0389;0.1537;-0.2272
397;1.4005;-1.3298;-0.0755;0.0089;0.1529;-0.2870
398;1.4019;-1.3319;-0.0747;-0.0148;0.1502;-0.3520
399;1.3939;-1.3234;-0.0743;-0.0291;0.1463;-0.4024
400;1.3661;-1.2949;-0.0731;-0.0416;0.1510;-0.4262
401;1.3315;-1.2684;-0.0686;-0.0385;0.1516;-0.4507
402;1.3033;-1.2393;-0.0658;-0.0351;0.1535;-0.4816
403;1.2838;-1.2147;-0.0695;-0.0228;0.1649;-0.5169
404;1.2676;-1.1955;-0.0733;-0.0117;0.1786;-0.5568
405;1.2521;-1.1768;-0.0774;0.0095;0.1891;-0.6039
406;1.2364;-1.1567;-0.0826;0.0346;0.2053;-0.6419
407;1.2287;-1.1404;-0.0911;0.0460;0.2209;-0.6914
408;1.2262;-1.1314;-0.0982;0.0466;0.2317;-0.7363
409;1.2390;-1.1452;-0.0980;0.0248;0.2429;-0.7625
410;1.2623;-1.1778;-0.0882;-0.0139;0.2546;-0.7942
411;1.2947;-1.2388;-0.0617;-0.0822;0.2426;-0.8001
412;1.3512;-1.3582;-0.0023;-0.1451;0.1943;-0.7445
413;1.4154;-1.5179;0.0917;-0.1532;0.1358;-0.6274
414;1.4840;-1.6477;0.1511;-0.0989;-0.1004;-0.3232
415;1.1276;-1.1155;-0.0174;0.1021;0.0641;0.0724
416;1.2434;-1.1967;-0.0508;-0.0003;-0.0973;0.2071
417;1.3016;-1.2416;-0.0683;-0.1047;-0.1372;0.2247
418;1.3483;-1.2780;-0.0740;-0.1263;-0.1289;0.2866
419;1.3754;-1.2973;-0.0840;-0.1170;-0.1289;0.3644
420;1.3882;-1.3041;-0.0899;-0.0991;-0.1217;0.4636
421;1.3821;-1.2956;-0.0913;-0.0953;-0.1226;0.5408
422;1.3647;-1.2813;-0.0884;-0.1057;-0.1243;0.5772
423;1.3417;-1.2616;-0.0860;-0.1157;-0.1258;0.5858
424;1.3210;-1.2467;-0.0814;-0.1236;-0.1298;0.6084
425;1.3050;-1.2287;-0.0821;-0.1371;-0.1314;0.6330
426;1.2952;-1.2146;-0.0885;-0.1431;-0.1353;0.6667
427;1.2838;-1.1957;-0.0935;-0.1464;-0.1395;0.7032
428;1.2716;-1.1747;-0.1005;-0.1656;-0.1430;0.7449
429;1.2660;-1.1592;-0.1114;-0.1763;-0.1467;0.7990
430;1.2625;-1.1413;-0.1243;-0.1910;-0.1611;0.8452
431;1.2750;-1.1491;-0.1312;-0.1985;-0.1768;0.8978
432;1.2868;-1.1534;-0.1389;-0.1956;-0.1879;0.9702
433;1.2990;-1.1652;-0.1393;-0.1878;-0.1972;1.0586
434;1.3141;-1.2174;-0.1043;-0.1654;-0.1951;1.1386
435;1.3089;-1.2936;-0.0262;-0.0882;-0.2156;1.1191
436;1.2394;-1.3755;0.1305;0.0214;-0.2133;0.9129
437;0.9831;-1.2470;0.2301;-0.1143;0.0149;0.3737
438;1.1931;-1.2166;0.0105;0.1423;0.0081;0.0000
460;1.1809;-1.0304;-0.1720;-0.2855;-0.0535;0.0544
461;1.1980;-1.2197;0.0106;0.1494;0.0185;0.0105
483;1.1820;-1.0689;-0.1255;-0.2725;-0.0109;0.0416
484;1.1985;-1.2171;0.0065;0.1433;-0.0075;-0.0172
506;1.1782;-1.0673;-0.1207;-0.2636;-0.0065;-0.0539
507;1.1934;-1.2122;0.0064;0.1421;-0.0133;-0.0147
529;1.1713;-1.0318;-0.1605;-0.2748;0.0173;-0.0894
530;1.1245;-1.1055;-0.0228;0.0920;-0.0714;-0.0700
531;1.2444;-1.1909;-0.0568;-0.0010;0.1027;-0.1865
532;1.3107;-1.2489;-0.0695;-0.1132;0.1380;-0.2185
533;1.3523;-1.2825;-0.0743;-0.1554;0.1286;-0.2869
534;1.3784;-1.3036;-0.0819;-0.1513;0.1261;-0.3537
535;1.3867;-1.3062;-0.0871;-0.1358;0.1199;-0.4354
536;1.3766;-1.2912;-0.0906;-0.1226;0.1169;-0.5240
537;1.3646;-1.2814;-0.0888;-0.1230;0.1180;-0.5720
538;1.3459;-1.2691;-0.0856;-0.1260;0.1223;-0.5776
539;1.3260;-1.2511;-0.0796;-0.1215;0.1218;-0.5990
540;1.3061;-1.2394;-0.0724;-0.1247;0.1231;-0.6121
541;1.2923;-1.2197;-0.0785;-0.1268;0.1318;-0.6368
542;1.2800;-1.1880;-0.0964;-0.1271;0.1421;-0.6902
543;1.2714;-1.1669;-0.1085;-0.1463;0.1483;-0.7504
544;1.2731;-1.1602;-0.1165;-0.1660;0.1497;-0.8024
545;1.2682;-1.1535;-0.1190;-0.1877;0.1621;-0.8306
546;1.2783;-1.1614;-0.1214;-0.1998;0.1777;-0.8737
547;1.2937;-1.1702;-0.1289;-0.2178;0.1838;-0.9375
548;1.3073;-1.1844;-0.1279;-0.2094;0.1892;-1.0204
549;1.3216;-1.2294;-0.0986;-0.1648;0.1916;-1.1092
550;1.3107;-1.2760;-0.0414;-0.0876;0.2076;-1.1161
551;1.2514;-1.3817;0.1223;0.0072;0.1799;-0.9102
552;1.0024;-1.2354;0.2019;-0.1015;-0.0165;-0.3662
553;0.7524;-0.7799;0.0157;0.0181;0.0711;0.0022
554;0.8945;-0.9036;-0.0019;-0.2331;-0.0951;0.0557
555;1.0352;-1.0102;-0.0320;-0.3964;-0.1278;0.0939
556;1.1081;-1.0699;-0.0447;-0.5324;-0.1168;0.1808
557;1.1645;-1.1148;-0.0562;-0.6419;-0.0937;0.2912
558;1.1993;-1.1450;-0.0601;-0.7107;-0.0703;0.3875
559;1.2210;-1.1598;-0.0649;-0.7372;-0.0534;0.4756
560;1.2545;-1.1842;-0.0758;-0.7247;-0.0423;0.5789
561;1.2962;-1.2146;-0.0865;-0.6849;-0.0295;0.6741
562;1.3200;-1.2279;-0.0957;-0.6260;-0.0172;0.7597
563;1.3467;-1.2394;-0.1118;-0.5534;-0.0128;0.8542
564;1.3638;-1.2358;-0.1305;-0.4791;-0.0236;0.9394
565;1.3708;-1.2253;-0.1515;-0.3946;-0.0324;1.0402
566;1.3926;-1.2199;-0.1793;-0.2959;-0.0425;1.1610
567;1.4138;-1.2084;-0.2110;-0.1910;-0.0624;1.2728
568;1.4201;-1.1817;-0.2452;-0.0844;-0.0887;1.3681
569;1.4035;-1.1419;-0.2678;0.0019;-0.1258;1.4332
570;1.3586;-1.0879;-0.2781;0.0702;-0.1679;1.4812
571;1.2965;-1.0408;-0.2641;0.1304;-0.2105;1.5300
572;1.2204;-1.0499;-0.1833;0.1954;-0.2517;1.5467
573;1.1200;-1.0987;-0.0363;0.1810;-0.2624;1.3851
574;0.9547;-1.1620;0.1739;0.0540;-0.2303;0.9803
575;0.6571;-0.9144;0.2281;-0.0678;0.0468;0.4365
576;0.7759;-0.7686;-0.0106;0.1116;-0.0291;-0.0288
598;0.7607;-0.6289;-0.1366;-0.2786;-0.1191;0.1886
599;0.7725;-0.7753;-0.0039;0.1238;0.0011;0.0253
621;0.7504;-0.6102;-0.1437;-0.2502;-0.0509;0.0904
622;0.7742;-0.7672;-0.0110;0.1273;-0.0223;-0.0323
644;0.7453;-0.5984;-0.1514;-0.2471;0.0555;-0.0645
645;0.7742;-0.7679;-0.0122;0.1199;-0.0129;0.0375
667;0.7417;-0.5934;-0.1499;-0.2627;0.1264;-0.1977
668;0.7525;-0.7826;0.0162;0.0167;-0.0790;-0.0188
669;0.8733;-0.8778;-0.0082;-0.2436;0.0985;-0.0544
670;1.0131;-0.9849;-0.0339;-0.4150;0.1264;-0.0661
671;1.1137;-1.0808;-0.0410;-0.5461;0.1095;-0.1604
672;1.1797;-1.1320;-0.0526;-0.6499;0.0915;-0.2723
673;1.2108;-1.1548;-0.0615;-0.7072;0.0697;-0.3781
674;1.2306;-1.1682;-0.0673;-0.7333;0.0474;-0.4752
675;1.2610;-1.1921;-0.0736;-0.7306;0.0400;-0.5654
676;1.2963;-1.2133;-0.0855;-0.6966;0.0296;-0.6596
677;1.3249;-1.2285;-0.1021;-0.6494;0.0122;-0.7686
678;1.3576;-1.2463;-0.1158;-0.5835;0.0065;-0.8703
679;1.3701;-1.2394;-0.1350;-0.5072;0.0152;-0.9594
680;1.3816;-1.2203;-0.1674;-0.4185;0.0237;-1.0703
681;1.4037;-1.2045;-0.2049;-0.3173;0.0347;-1.2017
682;1.4178;-1.1873;-0.2363;-0.2029;0.0597;-1.3080
683;1.4202;-1.1642;-0.2606;-0.0977;0.0947;-1.3882
684;1.4040;-1.1234;-0.2877;-0.0131;0.1318;-1.4668
685;1.3623;-1.0627;-0.3051;0.0703;0.1757;-1.5272
686;1.2945;-1.0304;-0.2748;0.1360;0.2204;-1.5569
687;1.2167;-1.0481;-0.1812;0.1807;0.2536;-1.5468
688;1.1195;-1.0814;-0.0567;0.1630;0.2659;-1.4192
689;0.9372;-1.1384;0.1688;0.0524;0.2422;-1.0220
690;0.6270;-0.8979;0.2379;-0.0772;-0.0019;-0.4567
691;0.5695;-0.6035;0.0232;-0.0040;-0.0015;-0.0205
692;0.8414;-0.8774;0.0267;-0.0131;0.0062;0.0357
693;0.9752;-0.9869;-0.0008;-0.0290;0.0037;0.1470
694;1.0864;-1.0654;-0.0304;-0.0289;0.0010;0.3074
695;1.1693;-1.1282;-0.0556;-0.0233;0.0039;0.5027
696;1.2565;-1.1965;-0.0751;-0.0240;0.0049;0.6518
697;1.3464;-1.2661;-0.0970;-0.0226;0.0019;0.7746
698;1.4068;-1.2886;-0.1299;-0.0259;0.0014;0.9217
699;1.4457;-1.2950;-0.1647;-0.0309;0.0010;1.0733
700;1.4887;-1.3053;-0.1983;-0.0413;0.0039;1.2045
701;1.5153;-1.2931;-0.2349;-0.0489;0.0081;1.3262
702;1.5490;-1.2905;-0.2727;-0.0415;0.0064;1.4457
703;1.5895;-1.2952;-0.3064;-0.0289;0.0037;1.5636
704;1.6012;-1.2797;-0.3329;-0.0173;0.0029;1.6599
705;1.5971;-1.2489;-0.3595;-0.0086;0.0020;1.7289
706;1.5888;-1.2176;-0.3821;-0.0124;0.0050;1.7838
707;1.5634;-1.1815;-0.3928;-0.0136;0.0090;1.8222
708;1.5226;-1.1533;-0.3825;-0.0021;0.0048;1.8417
709;1.4592;-1.1456;-0.3279;0.0034;0.0009;1.8434
710;1.3407;-1.1763;-0.1899;-0.0039;0.0032;1.7744
711;1.1273;-1.1479;-0.0130;-0.0023;-0.0009;1.5199
712;0.8202;-1.0374;0.1908;0.0141;0.0005;1.0462
713;0.5959;-0.8052;0.2004;0.0211;0.0167;0.5040
714;0.5583;-0.5724;-0.0020;0.0014;-0.0037;-0.0385
736;0.5368;-0.4468;-0.0975;0.0023;-0.0096;0.2941
737;0.5928;-0.5824;-0.0217;0.0042;0.0040;0.0255
759;0.5578;-0.4270;-0.1342;-0.0161;0.0075;0.1141
760;0.5893;-0.5812;-0.0217;0.0081;0.0147;-0.0435
782;0.5582;-0.4246;-0.1360;-0.0256;0.0097;-0.1019
783;0.5724;-0.5789;-0.0080;0.0153;0.0106;0.0363
805;0.5463;-0.4356;-0.1173;-0.0393;0.0113;-0.2923
806;0.5858;-0.6235;0.0282;0.0130;-0.0014;0.0165
807;0.8423;-0.8699;0.0190;0.0401;0.0093;-0.0397
808;0.9704;-0.9740;-0.0082;0.0424;0.0073;-0.1359
809;1.0742;-1.0588;-0.0264;0.0271;0.0025;-0.2718
810;1.1644;-1.1267;-0.0504;0.0126;0.0020;-0.4593
811;1.2576;-1.1972;-0.0757;-0.0122;-0.0008;-0.6296
812;1.3466;-1.2580;-0.1023;-0.0278;-0.0028;-0.7935
813;1.4088;-1.2826;-0.1381;-0.0271;-0.0035;-0.9669
814;1.4558;-1.2913;-0.1802;-0.0231;-0.0064;-1.1284
815;1.4957;-1.2905;-0.2182;-0.0218;-0.0085;-1.2567
816;1.5183;-1.2828;-0.2499;-0.0240;-0.0102;-1.3720
817;1.5535;-1.2751;-0.2912;-0.0273;-0.0082;-1.4937
818;1.5873;-1.2618;-0.3375;-0.0249;-0.0058;-1.6193
819;1.5970;-1.2368;-0.3723;-0.0190;-0.0067;-1.7182
820;1.5938;-1.2072;-0.3991;-0.0224;-0.0083;-1.7814
821;1.5880;-1.1878;-0.4134;-0.0276;-0.0108;-1.8268
822;1.5636;-1.1548;-0.4198;-0.0300;-0.0127;-1.8570
823;1.5176;-1.1161;-0.4152;-0.0355;-0.0123;-1.8766
824;1.4526;-1.1157;-0.3536;-0.0346;-0.0102;-1.8815
825;1.3339;-1.1513;-0.2087;-0.0304;-0.0117;-1.8115
826;1.1259;-1.1182;-0.0344;-0.0289;-0.0042;-1.5735
827;0.8336;-1.0461;0.1800;-0.0137;0.0138;-1.1142
828;0.5796;-0.7979;0.2038;-0.0056;-0.0002;-0.5196
829;0.7517;-0.7739;0.0112;-0.0149;-0.0736;0.0233
830;0.8760;-0.8768;-0.0096;0.2378;0.0973;0.0603
831;1.0146;-0.9902;-0.0309;0.4061;0.1227;0.0905
832;1.1029;-1.0704;-0.0407;0.5346;0.1166;0.1763
833;1.1703;-1.1239;-0.0517;0.6418;0.0900;0.2826
834;1.2032;-1.1487;-0.0596;0.7095;0.0623;0.3903
835;1.2229;-1.1580;-0.0685;0.7382;0.0472;0.4727
836;1.2575;-1.1833;-0.0792;0.7314;0.0384;0.5696
837;1.3033;-1.2172;-0.0901;0.7041;0.0273;0.6732
838;1.3333;-1.2315;-0.1049;0.6717;0.0137;0.7665
839;1.3598;-1.2454;-0.1198;0.6201;0.0071;0.8596
840;1.3772;-1.2443;-0.1371;0.5397;0.0099;0.9496
841;1.3917;-1.2379;-0.1587;0.4451;0.0167;1.0452
842;1.4115;-1.2333;-0.1841;0.3324;0.0326;1.1629
843;1.4195;-1.2100;-0.2136;0.2187;0.0584;1.2687
844;1.4215;-1.1829;-0.2451;0.1237;0.0870;1.3603
845;1.4125;-1.1436;-0.2751;0.0421;0.1176;1.4479
846;1.3734;-1.0906;-0.2901;-0.0503;0.1599;1.5165
847;1.3006;-1.0470;-0.2622;-0.1246;0.2071;1.5409
848;1.2154;-1.0592;-0.1694;-0.1721;0.2457;1.5249
849;1.1297;-1.0784;-0.0627;-0.1575;0.2627;1.4121
850;0.9622;-1.1356;0.1416;-0.0719;0.2450;1.0610
851;0.6347;-0.8915;0.2312;0.0401;0.0148;0.4640
852;0.7802;-0.7799;-0.0057;-0.1224;0.0001;-0.0286
874;0.7479;-0.6001;-0.1546;0.2721;0.1250;0.1608
875;0.7839;-0.7843;-0.0058;-0.1272;-0.0203;0.0173
897;0.7545;-0.6221;-0.1367;0.2517;0.0295;0.0712
898;0.7966;-0.7903;-0.0103;-0.1392;0.0164;-0.0348
920;0.7602;-0.6311;-0.1344;0.2510;-0.0525;-0.0838
921;0.7919;-0.7958;-0.0013;-0.1375;-0.0028;0.0286
943;0.7689;-0.6229;-0.1505;0.2809;-0.1311;-0.1725
944;0.7755;-0.7950;0.0059;-0.0250;0.0872;-0.0311
945;0.9106;-0.8995;-0.0220;0.1982;-0.0957;-0.0930
946;1.0416;-1.0060;-0.0412;0.3378;-0.1236;-0.1368
947;1.1110;-1.0720;-0.0465;0.4811;-0.1150;-0.1921
948;1.1601;-1.1075;-0.0583;0.6022;-0.0945;-0.2880
949;1.1945;-1.1324;-0.0679;0.6927;-0.0674;-0.4100
950;1.2209;-1.1472;-0.0780;0.7267;-0.0450;-0.5352
951;1.2584;-1.1775;-0.0869;0.7161;-0.0367;-0.6350
952;1.2999;-1.2061;-0.0967;0.6767;-0.0270;-0.7162
953;1.3332;-1.2289;-0.1101;0.6262;-0.0135;-0.7986
954;1.3654;-1.2481;-0.1219;0.5633;-0.0063;-0.8873
955;1.3786;-1.2427;-0.1399;0.4925;-0.0124;-0.9725
956;1.3928;-1.2274;-0.1701;0.4010;-0.0233;-1.0848
957;1.4087;-1.2128;-0.2011;0.2985;-0.0387;-1.2089
958;1.4170;-1.1910;-0.2304;0.2022;-0.0654;-1.3119
959;1.4184;-1.1675;-0.2573;0.1090;-0.0928;-1.3949
960;1.4025;-1.1260;-0.2825;0.0274;-0.1250;-1.4685
961;1.3670;-1.0688;-0.3047;-0.0471;-0.1655;-1.5367
962;1.3118;-1.0357;-0.2850;-0.1164;-0.2046;-1.5890
963;1.2325;-1.0411;-0.2019;-0.1683;-0.2428;-1.6037
964;1.1284;-1.0619;-0.0837;-0.1404;-0.2666;-1.4968
965;0.9630;-1.1375;0.1406;-0.0558;-0.2608;-1.1075
966;0.6645;-0.9127;0.2261;0.0620;-0.0445;-0.4731
967;1.1161;-1.0965;-0.0263;-0.1006;-0.0738;0.0709
968;1.2396;-1.1827;-0.0606;-0.0021;0.0972;0.1855
969;1.3009;-1.2421;-0.0662;0.1155;0.1349;0.1897
970;1.3421;-1.2809;-0.0656;0.1483;0.1269;0.2550
971;1.3682;-1.2933;-0.0810;0.1461;0.1251;0.3393
972;1.3847;-1.2985;-0.0917;0.1276;0.1204;0.4559
973;1.3817;-1.2920;-0.0945;0.1177;0.1163;0.5626
974;1.3684;-1.2829;-0.0905;0.1333;0.1170;0.6104
975;1.3481;-1.2682;-0.0858;0.1384;0.1220;0.6186
976;1.3316;-1.2529;-0.0848;0.1293;0.1280;0.6422
977;1.3192;-1.2373;-0.0871;0.1243;0.1318;0.6677
978;1.3050;-1.2142;-0.0981;0.1250;0.1392;0.7073
979;1.2874;-1.1805;-0.1121;0.1246;0.1451;0.7526
980;1.2774;-1.1598;-0.1210;0.1502;0.1463;0.8015
981;1.2819;-1.1584;-0.1290;0.1697;0.1479;0.8541
982;1.2827;-1.1470;-0.1394;0.1780;0.1558;0.8962
983;1.2861;-1.1363;-0.1533;0.1875;0.1706;0.9494
984;1.2908;-1.1337;-0.1604;0.2060;0.1778;1.0092
985;1.3036;-1.1514;-0.1568;0.2008;0.1865;1.0894
986;1.3180;-1.2023;-0.1223;0.1621;0.1970;1.1712
987;1.3075;-1.2603;-0.0572;0.1019;0.2234;1.1543
988;1.2531;-1.3782;0.1148;0.0184;0.1960;0.9351
989;1.0059;-1.2615;0.2191;0.1061;-0.0413;0.3918
990;1.1762;-1.2003;0.0121;-0.1449;-0.0130;0.0154
1012;1.1721;-1.0075;-0.1798;0.2799;0.0319;0.0734
1013;1.1824;-1.2051;0.0105;-0.1448;-0.0039;0.0198
1035;1.1700;-1.0531;-0.1309;0.2928;0.0005;0.0364
1036;1.1787;-1.1998;0.0096;-0.1465;0.0162;-0.0233
1058;1.1655;-1.0640;-0.1130;0.2895;-0.0193;-0.0603
1059;1.1748;-1.2021;0.0145;-0.1477;0.0169;-0.0033
1081;1.1667;-0.9976;-0.1884;0.2871;-0.0523;-0.0476
1082;1.1098;-1.0866;-0.0288;-0.1133;0.0782;-0.0922
1083;1.2198;-1.1626;-0.0606;0.0095;-0.1012;-0.2368
1084;1.2894;-1.2327;-0.0643;0.1396;-0.1335;-0.2428
1085;1.3351;-1.2700;-0.0689;0.1719;-0.1255;-0.2865
1086;1.3691;-1.2888;-0.0865;0.1620;-0.1256;-0.3723
1087;1.3846;-1.2933;-0.0977;0.1435;-0.1194;-0.4916
1088;1.3783;-1.2820;-0.1019;0.1412;-0.1152;-0.5894
1089;1.3618;-1.2683;-0.0963;0.1517;-0.1151;-0.6190
1090;1.3437;-1.2614;-0.0906;0.1641;-0.1193;-0.6073
1091;1.3270;-1.2431;-0.0893;0.1682;-0.1187;-0.6150
1092;1.3141;-1.2289;-0.0910;0.1690;-0.1162;-0.6436
1093;1.3065;-1.2137;-0.0980;0.1665;-0.1239;-0.6887
1094;1.2901;-1.1850;-0.1100;0.1697;-0.1327;-0.7453
1095;1.2796;-1.1633;-0.1208;0.1953;-0.1372;-0.8043
1096;1.2816;-1.1582;-0.1271;0.2054;-0.1457;-0.8620
1097;1.2793;-1.1459;-0.1381;0.2176;-0.1591;-0.9110
1098;1.2852;-1.1385;-0.1504;0.2291;-0.1680;-0.9705
1099;1.2882;-1.1307;-0.1620;0.2305;-0.1780;-1.0445
1100;1.2910;-1.1353;-0.1606;0.2203;-0.1904;-1.1248
1101;1.3039;-1.1767;-0.1335;0.1845;-0.2031;-1.2280
1102;1.3018;-1.2307;-0.0788;0.1075;-0.2315;-1.2711
1103;1.2383;-1.3558;0.1046;0.0174;-0.2166;-1.0653
1104;1.0036;-1.2562;0.2165;0.1198;-0.0219;-0.4237
1105;1.3002;-1.2559;-0.0294;-0.0704;-0.0174;0.0175
1106;1.3446;-1.3016;-0.0507;-0.0073;0.1259;0.0253
1107;1.3422;-1.2870;-0.0599;-0.0027;0.1585;0.0343
1108;1.3619;-1.2938;-0.0717;-0.0347;0.1630;0.1190
1109;1.3890;-1.3128;-0.0815;-0.0272;0.1531;0.2047
1110;1.3948;-1.3200;-0.0796;0.0114;0.1520;0.2829
1111;1.3966;-1.3299;-0.0719;0.0323;0.1514;0.3523
1112;1.3917;-1.3313;-0.0651;0.0304;0.1488;0.3977
1113;1.3692;-1.3086;-0.0645;0.0359;0.1470;0.4155
1114;1.3419;-1.2787;-0.0672;0.0500;0.1435;0.4505
1115;1.3177;-1.2483;-0.0717;0.0574;0.1508;0.5042
1116;1.2969;-1.2196;-0.0763;0.0503;0.1661;0.5417
1117;1.2777;-1.1981;-0.0803;0.0390;0.1766;0.5686
1118;1.2585;-1.1777;-0.0833;0.0124;0.1868;0.5935
1119;1.2420;-1.1563;-0.0869;-0.0205;0.2034;0.6248
1120;1.2283;-1.1353;-0.0970;-0.0364;0.2199;0.6796
1121;1.2237;-1.1220;-0.1060;-0.0343;0.2339;0.7291
1122;1.2373;-1.1346;-0.1084;-0.0129;0.2423;0.7649
1123;1.2603;-1.1656;-0.0980;0.0200;0.2454;0.8087
1124;1.2929;-1.2290;-0.0692;0.0803;0.2341;0.8381
1125;1.3453;-1.3454;-0.0059;0.1303;0.2008;0.7809
1126;1.4055;-1.5294;0.1094;0.1429;0.1526;0.5843
1127;1.4666;-1.6486;0.1722;0.1005;-0.0917;0.2811
1128;1.3866;-1.3945;0.0081;-0.1543;0.0265;0.0532
1150;1.5309;-1.4035;-0.1313;0.1891;0.0107;0.0457
1151;1.4115;-1.4409;0.0286;-0.1470;-0.0062;0.0056
1173;1.5273;-1.4221;-0.1098;0.1905;0.0084;0.0071
1174;1.4034;-1.4328;0.0279;-0.1471;0.0166;-0.0083
1196;1.5296;-1.4410;-0.0936;0.1884;0.0069;-0.0410
1197;1.3816;-1.3945;0.0133;-0.1382;0.0130;-0.0154
1219;1.5186;-1.3734;-0.1486;0.1914;0.0146;0.0009
1220;1.3060;-1.2441;-0.0526;-0.0593;0.0258;-0.0537
1221;1.3506;-1.2911;-0.0651;0.0053;-0.1045;-0.0992
1222;1.3488;-1.2863;-0.0657;-0.0062;-0.1476;-0.1026
1223;1.3660;-1.2976;-0.0724;-0.0302;-0.1592;-0.1545
1224;1.3977;-1.3215;-0.0805;-0.0189;-0.1497;-0.2144
1225;1.4032;-1.3288;-0.0784;0.0263;-0.1491;-0.2761
1226;1.4054;-1.3354;-0.0735;0.0473;-0.1506;-0.3401
1227;1.4033;-1.3374;-0.0720;0.0547;-0.1455;-0.3909
1228;1.3780;-1.3082;-0.0701;0.0642;-0.1488;-0.4170
1229;1.3438;-1.2803;-0.0667;0.0667;-0.1534;-0.4453
1230;1.3132;-1.2447;-0.0709;0.0662;-0.1549;-0.4670
1231;1.2914;-1.2143;-0.0778;0.0613;-0.1625;-0.4955
1232;1.2737;-1.1941;-0.0806;0.0403;-0.1728;-0.5494
1233;1.2524;-1.1681;-0.0841;0.0085;-0.1877;-0.6070
1234;1.2380;-1.1526;-0.0880;-0.0173;-0.2071;-0.6547
1235;1.2286;-1.1375;-0.0944;-0.0302;-0.2233;-0.7015
1236;1.2240;-1.1253;-0.1036;-0.0270;-0.2360;-0.7574
1237;1.2416;-1.1386;-0.1073;0.0072;-0.2380;-0.8066
1238;1.2664;-1.1735;-0.0954;0.0566;-0.2411;-0.8422
1239;1.2945;-1.2441;-0.0561;0.1284;-0.2276;-0.8456
1240;1.3438;-1.3563;0.0051;0.1893;-0.1916;-0.8077
1241;1.3958;-1.5156;0.1072;0.1700;-0.1456;-0.6911
1242;1.4567;-1.6361;0.1696;0.0966;0.1084;-0.3508
1243;1.3615;-1.3458;0.0036;-0.1498;-0.0106;-0.1190
1244;1.3980;-1.3815;-0.0209;-0.2281;0.1358;-0.1596
1245;1.4591;-1.4145;-0.0466;-0.1641;0.1558;-0.1440
1246;1.4692;-1.4089;-0.0606;-0.0464;0.1644;-0.1084
1247;1.4207;-1.3647;-0.0590;0.0425;0.1805;-0.0606
1248;1.3816;-1.3337;-0.0498;0.0828;0.1861;-0.0152
1249;1.3498;-1.3051;-0.0453;0.0718;0.1878;0.0539
1250;1.3215;-1.2813;-0.0408;0.0586;0.1896;0.0850
1251;1.3002;-1.2652;-0.0378;0.0232;0.1940;0.1109
1252;1.2760;-1.2365;-0.0394;-0.0319;0.2056;0.1490
1253;1.2508;-1.2149;-0.0366;-0.0718;0.2127;0.1960
1254;1.2280;-1.1983;-0.0339;-0.1023;0.2149;0.2309
1255;1.2058;-1.1743;-0.0351;-0.1255;0.2198;0.2545
1256;1.1866;-1.1483;-0.0406;-0.1347;0.2294;0.2692
1257;1.1716;-1.1304;-0.0452;-0.1380;0.2359;0.2946
1258;1.1704;-1.1229;-0.0499;-0.1387;0.2435;0.3484
1259;1.1874;-1.1345;-0.0554;-0.1431;0.2464;0.4065
1260;1.2362;-1.1885;-0.0496;-0.1424;0.2385;0.4401
1261;1.2860;-1.2640;-0.0255;-0.1349;0.2292;0.4535
1262;1.3326;-1.3448;0.0098;-0.1224;0.2182;0.4117
1263;1.3968;-1.4458;0.0433;-0.0925;0.1948;0.3299
1264;1.4884;-1.6022;0.1057;-0.0317;0.1239;0.1797
1265;1.5346;-1.7354;0.1472;0.0463;-0.1150;0.0636
1266;1.4251;-1.3723;-0.0298;-0.2190;0.0496;0.0784
1288;1.6554;-1.6142;-0.0774;0.0664;-0.0110;0.0564
1289;1.4315;-1.4483;0.0345;-0.2270;0.0001;-0.0207
1311;1.6642;-1.6085;-0.0925;0.0712;0.0157;0.0110
1312;1.4364;-1.4349;0.0179;-0.2281;-0.0182;0.0014
1334;1.6618;-1.6199;-0.0827;0.0753;0.0058;-0.0314
1335;1.4235;-1.3848;-0.0154;-0.2264;-0.0525;-0.0528
1357;1.6523;-1.6003;-0.0914;0.0673;0.0256;-0.0273
1358;1.3806;-1.3426;-0.0171;-0.1516;-0.0102;0.0850
1359;1.4082;-1.3748;-0.0338;-0.2291;-0.1490;0.0864
1360;1.4682;-1.4247;-0.0465;-0.1491;-0.1659;0.0743
1361;1.4749;-1.4223;-0.0528;-0.0320;-0.1697;0.0592
1362;1.4181;-1.3708;-0.0518;0.0463;-0.1883;0.0334
1363;1.3725;-1.3331;-0.0427;0.0716;-0.1932;-0.0158
1364;1.3470;-1.3144;-0.0357;0.0550;-0.1930;-0.0640
1365;1.3132;-1.2806;-0.0328;0.0285;-0.2007;-0.0845
1366;1.2872;-1.2609;-0.0306;-0.0158;-0.2021;-0.1244
1367;1.2656;-1.2384;-0.0297;-0.0612;-0.2041;-0.1670
1368;1.2427;-1.2111;-0.0323;-0.0992;-0.2134;-0.1986
1369;1.2208;-1.1902;-0.0333;-0.1249;-0.2214;-0.2118
1370;1.1967;-1.1649;-0.0341;-0.1328;-0.2259;-0.2353
1371;1.1772;-1.1433;-0.0384;-0.1326;-0.2306;-0.2716
1372;1.1643;-1.1253;-0.0427;-0.1467;-0.2364;-0.3184
1373;1.1685;-1.1229;-0.0483;-0.1493;-0.2450;-0.3780
1374;1.1895;-1.1374;-0.0546;-0.1559;-0.2514;-0.4442
1375;1.2259;-1.1742;-0.0551;-0.1746;-0.2453;-0.4931
1376;1.2685;-1.2346;-0.0366;-0.1804;-0.2378;-0.5126
1377;1.3139;-1.3179;0.0001;-0.1776;-0.2253;-0.4755
1378;1.3808;-1.4259;0.0416;-0.1397;-0.1956;-0.3707
1379;1.4789;-1.5893;0.0987;-0.0334;-0.1273;-0.1991
1380;1.5308;-1.7262;0.1361;0.0603;0.1233;-0.0744
1381;1.4071;-1.4095;0.0794;-0.0163;0.0548;-0.1424
1382;1.4186;-1.4016;-0.0129;0.3001;0.2136;-0.4603
1383;1.2834;-1.1794;-0.1057;0.5459;0.2636;-0.5930
1384;1.1949;-1.0797;-0.1137;0.5977;0.2773;-0.5249
1385;1.1751;-1.0859;-0.0902;0.4980;0.2469;-0.3935
1386;1.1792;-1.1014;-0.0762;0.4108;0.2207;-0.2995
1387;1.1811;-1.1128;-0.0679;0.3326;0.2083;-0.2319
1388;1.1570;-1.0944;-0.0621;0.2302;0.1952;-0.1527
1389;1.1439;-1.0932;-0.0493;0.1399;0.1856;-0.0957
1390;1.1539;-1.1125;-0.0426;0.0661;0.1719;-0.0658
1391;1.1856;-1.1394;-0.0475;0.0182;0.1495;-0.0585
1392;1.2102;-1.1607;-0.0507;0.0016;0.1404;-0.0267
1393;1.2110;-1.1568;-0.0552;0.0008;0.1483;0.0263
1394;1.2134;-1.1568;-0.0582;-0.0022;0.1636;0.0905
1395;1.2306;-1.1721;-0.0589;0.0133;0.1818;0.1357
1396;1.2614;-1.2070;-0.0543;0.0539;0.1954;0.1376
1397;1.3052;-1.2597;-0.0452;0.1188;0.1977;0.1184
1398;1.3518;-1.3216;-0.0295;0.1820;0.2021;0.0976
1399;1.4174;-1.4113;-0.0051;0.2352;0.2089;0.0682
1400;1.5036;-1.5261;0.0217;0.2531;0.2054;0.0023
1401;1.5980;-1.6316;0.0349;0.2506;0.1881;-0.0723
1402;1.6498;-1.6854;0.0372;0.1931;0.1283;-0.1773
1403;1.6627;-1.7418;0.0554;0.1229;-0.0623;-0.1030
1404;1.5003;-1.3323;-0.0852;-0.1142;0.0617;0.0584
1405;1.4314;-1.4174;-0.0247;0.2735;0.0549;0.0729
1406;1.2582;-1.2892;0.0338;0.5970;0.0738;-0.0481
1407;1.1499;-1.1770;0.0264;0.6502;0.0886;-0.0928
1408;1.1143;-1.1315;0.0170;0.5483;0.0740;-0.0796
1409;1.1142;-1.1289;0.0134;0.4493;0.0641;-0.0763
1410;1.1204;-1.1341;0.0132;0.3531;0.0670;-0.0560
1411;1.1107;-1.1279;0.0155;0.2556;0.0619;-0.0254
1412;1.0974;-1.1038;0.0047;0.1737;0.0580;-0.0076
1413;1.1043;-1.1065;0.0007;0.0919;0.0472;0.0358
1414;1.1404;-1.1534;0.0108;0.0370;0.0197;0.0588
1415;1.1661;-1.1825;0.0163;0.0101;0.0160;0.0661
1416;1.1713;-1.1950;0.0218;0.0054;0.0341;0.0633
1417;1.1746;-1.2001;0.0236;0.0023;0.0438;0.0649
1418;1.1909;-1.2046;0.0139;0.0152;0.0497;0.0738
1419;1.2255;-1.2249;-0.0003;0.0556;0.0563;0.0788
1420;1.2844;-1.2795;-0.0047;0.1210;0.0645;0.0869
1421;1.3545;-1.3386;-0.0157;0.1927;0.0619;0.0948
1422;1.4351;-1.3991;-0.0364;0.2655;0.0526;0.0947
1423;1.5268;-1.4766;-0.0490;0.3011;0.0373;0.1248
1424;1.6279;-1.5901;-0.0369;0.3077;0.0142;0.1729
1425;1.7080;-1.6994;-0.0088;0.2805;-0.0149;0.3014
1426;1.8019;-1.8484;-0.0000;0.2096;-0.0499;0.2517
1427;1.4922;-1.3863;-0.0252;-0.1021;-0.0084;0.0226
1428;1.4199;-1.3938;-0.0359;0.2858;0.0095;0.0768
1429;1.2525;-1.2425;-0.0110;0.5950;0.0249;0.0765
1430;1.1545;-1.1684;0.0133;0.6498;0.0360;0.0397
1431;1.1047;-1.1261;0.0207;0.5767;0.0386;0.0335
1432;1.0903;-1.1174;0.0260;0.4827;0.0375;0.0486
1433;1.0901;-1.1150;0.0229;0.3847;0.0409;0.0360
1434;1.0896;-1.1132;0.0222;0.2861;0.0336;0.0149
1435;1.0893;-1.1153;0.0240;0.1989;0.0239;0.0119
1436;1.0917;-1.1251;0.0314;0.1222;0.0222;0.0223
1437;1.1170;-1.1564;0.0378;0.0750;0.0082;0.0387
1438;1.1365;-1.1731;0.0359;0.0372;-0.0009;0.0253
1439;1.1491;-1.1817;0.0314;0.0107;0.0123;0.0078
1440;1.1619;-1.1861;0.0232;-0.0056;0.0170;-0.0133
1441;1.1756;-1.1982;0.0228;0.0043;0.0094;-0.0371
1442;1.2113;-1.2391;0.0281;0.0447;0.0150;-0.0587
1443;1.2803;-1.2998;0.0204;0.1217;0.0255;-0.0623
1444;1.3654;-1.3760;0.0122;0.2286;0.0147;-0.0460
1445;1.4456;-1.4489;0.0046;0.3249;0.0016;-0.0095
1446;1.5277;-1.5109;-0.0160;0.3574;-0.0035;0.0158
1447;1.6380;-1.5931;-0.0436;0.3489;-0.0055;-0.0041
1448;1.7383;-1.6833;-0.0568;0.2922;-0.0075;-0.1238
1449;1.8239;-1.8119;-0.0582;0.2311;-0.0108;-0.1083
1450;1.4843;-1.3849;-0.0170;-0.0939;-0.0537;-0.0308
1451;1.4127;-1.3900;-0.0238;0.3080;-0.0236;-0.0659
1452;1.2493;-1.2293;-0.0208;0.6137;-0.0014;-0.0160
1453;1.1603;-1.1561;-0.0043;0.6627;-0.0055;0.0213
1454;1.1101;-1.1277;0.0170;0.5928;-0.0006;0.0226
1455;1.0902;-1.1122;0.0210;0.4967;-0.0026;0.0185
1456;1.0842;-1.1015;0.0163;0.3953;-0.0126;0.0153
1457;1.0814;-1.0977;0.0146;0.2835;-0.0098;0.0067
1458;1.0906;-1.1169;0.0244;0.1908;-0.0023;-0.0040
1459;1.0977;-1.1257;0.0272;0.1112;0.0094;-0.0216
1460;1.1165;-1.1439;0.0258;0.0632;0.0164;-0.0315
1461;1.1301;-1.1604;0.0288;0.0228;0.0111;-0.0471
1462;1.1441;-1.1690;0.0241;-0.0086;0.0042;-0.0468
1463;1.1652;-1.1896;0.0228;-0.0235;-0.0019;-0.0292
1464;1.1813;-1.2064;0.0249;-0.0134;-0.0100;0.0068
1465;1.2152;-1.2360;0.0213;0.0317;-0.0092;0.0253
1466;1.2852;-1.3035;0.0195;0.1213;-0.0095;0.0323
1467;1.3723;-1.3852;0.0144;0.2406;-0.0196;0.0288
1468;1.4513;-1.4496;-0.0003;0.3439;-0.0293;-0.0007
1469;1.5341;-1.5267;-0.0067;0.3886;-0.0390;-0.0187
1470;1.6538;-1.6355;-0.0176;0.3916;-0.0436;0.0394
1471;1.7542;-1.7054;-0.0524;0.3261;-0.0353;0.1849
1472;1.8336;-1.8032;-0.0751;0.2439;-0.0122;0.1547
1473;1.4759;-1.3376;-0.0522;-0.1011;-0.0764;-0.0511
1474;1.4144;-1.3977;-0.0254;0.3088;-0.0526;-0.0888
1475;1.2508;-1.2647;0.0127;0.6117;-0.0601;0.0051
1476;1.1667;-1.1771;0.0105;0.6538;-0.0770;0.0351
1477;1.1305;-1.1275;-0.0024;0.5578;-0.0541;0.0230
1478;1.1216;-1.1217;0.0002;0.4511;-0.0393;0.0083
1479;1.1090;-1.1175;0.0072;0.3577;-0.0483;-0.0063
1480;1.0952;-1.1072;0.0103;0.2569;-0.0455;-0.0221
1481;1.1022;-1.1109;0.0079;0.1700;-0.0294;-0.0469
1482;1.1155;-1.1219;0.0059;0.0792;-0.0226;-0.0570
1483;1.1362;-1.1426;0.0039;0.0232;-0.0178;-0.0570
1484;1.1491;-1.1474;-0.0021;-0.0108;-0.0166;-0.0622
1485;1.1609;-1.1631;0.0009;-0.0317;-0.0256;-0.0822
1486;1.1803;-1.1934;0.0122;-0.0412;-0.0330;-0.1065
1487;1.2010;-1.2158;0.0137;-0.0237;-0.0359;-0.1209
1488;1.2366;-1.2416;0.0059;0.0194;-0.0372;-0.1103
1489;1.2969;-1.2919;-0.0053;0.1022;-0.0431;-0.0971
1490;1.3682;-1.3510;-0.0180;0.1997;-0.0569;-0.0905
1491;1.4476;-1.4128;-0.0360;0.2921;-0.0672;-0.0785
1492;1.5463;-1.4932;-0.0517;0.3423;-0.0560;-0.1231
1493;1.6651;-1.6201;-0.0449;0.3554;-0.0291;-0.2019
1494;1.7448;-1.7111;-0.0377;0.3102;-0.0136;-0.3510
1495;1.8197;-1.8305;-0.0355;0.2188;0.0081;-0.2867
1496;1.3563;-1.3751;0.0815;-0.0411;-0.0421;0.0755
1497;1.4039;-1.4240;0.0254;0.2883;-0.2020;0.2823
1498;1.2786;-1.2312;-0.0490;0.5219;-0.2481;0.3980
1499;1.2114;-1.1429;-0.0674;0.5555;-0.2579;0.3476
1500;1.1958;-1.1349;-0.0602;0.4647;-0.2354;0.2550
1501;1.1955;-1.1361;-0.0578;0.3781;-0.2077;0.2219
1502;1.1744;-1.1174;-0.0546;0.3111;-0.1918;0.1987
1503;1.1478;-1.0973;-0.0503;0.2118;-0.1836;0.1400
1504;1.1519;-1.1004;-0.0500;0.1314;-0.1698;0.0834
1505;1.1706;-1.1174;-0.0523;0.0608;-0.1562;0.0453
1506;1.1841;-1.1360;-0.0492;0.0172;-0.1479;0.0070
1507;1.1877;-1.1454;-0.0435;-0.0152;-0.1474;-0.0136
1508;1.1987;-1.1537;-0.0474;-0.0341;-0.1574;-0.0273
1509;1.2196;-1.1611;-0.0595;-0.0430;-0.1643;-0.0473
1510;1.2414;-1.1771;-0.0648;-0.0129;-0.1712;-0.0679
1511;1.2759;-1.2156;-0.0599;0.0351;-0.1780;-0.0983
1512;1.3201;-1.2660;-0.0535;0.1115;-0.1842;-0.1087
1513;1.3573;-1.3136;-0.0425;0.1899;-0.2042;-0.1030
1514;1.4227;-1.4068;-0.0149;0.2553;-0.2190;-0.0971
1515;1.5204;-1.5316;0.0096;0.2792;-0.2145;-0.0566
1516;1.6281;-1.6536;0.0240;0.2595;-0.1918;0.0395
1517;1.6760;-1.7206;0.0435;0.1737;-0.1496;0.1777
1518;1.6771;-1.7814;0.0779;0.1087;0.0449;0.1500
